year,total_aum,pct_clean_w,pct_controversial_w,pct_other_w
2017,2132417824.0,11.177229718272491,27.84021915388539,60.982551127842115
2018,3220639563.0,11.426624455095162,26.580370012348713,61.99300553255613
2019,7040335049.0,10.15081111718025,29.972845057882804,59.876343824936946
2020,23648293964.0,12.616128069333845,28.142413683684186,59.24145824698198
2021,57113661146.0,12.02396916232723,26.513406694420773,61.46262414325199
2022,54414085629.0,14.271647840187025,29.151230842080164,56.577121317732804
2023,46686184544.0,14.387042672356058,27.438092777655825,58.174864549988115
2024,46171590984.0,13.412842651008487,28.526954699901154,58.060202649090364
2025,51796572519.28999,12.75932717331504,28.53582625547144,58.70484657121354
