year,pct_clean_min,pct_clean_max,pct_clean_mean,pct_clean_median,pct_clean_std,pct_cont_min,pct_cont_max,pct_cont_mean,pct_cont_median,pct_cont_std,pct_other_min,pct_other_max,pct_other_mean,pct_other_median,pct_other_std,etf_count
2017,7.831779608411021,19.9357479967874,12.251343506686643,10.480699235022904,4.132587568415626,4.849324951506751,34.07928097762157,22.294753252717197,24.286884881212686,11.552807446121859,53.52722,86.29711968514403,65.45390324059616,63.1223150566819,11.784551720558264,8
2018,1.0149430202988603,20.792639,11.681696477001415,10.142692405707695,6.356953968353641,6.505822130116443,37.430651128467446,21.76707880437141,24.950229249502293,10.929138515580986,51.20973943951304,92.4792348495847,66.55122471862718,64.67302329346047,13.062735847899628,9
2019,0.6435049613897023,22.19480144389603,10.676157677351151,9.564449654842562,5.811994299261547,5.907563645546181,40.011232,24.469035061643265,28.097262856583693,12.616920774194744,49.357577,93.44893139306411,64.85480726100559,60.393281809084776,14.632350245419715,10
2020,1.4924942089491893,30.90356038192879,12.047985676621243,10.94453637123916,6.968964912647617,3.40220903402209,39.77356417056334,23.08658239396778,26.41133632479898,13.253840329323323,48.41186312705095,92.10656689491935,64.86543192941097,59.411573669718294,16.20523007594239,14
2021,0.7856299214370078,26.133832431970053,10.198861026105215,10.309889381406638,6.009421226597203,5.093321490667851,38.61483622770327,21.143778088253196,24.091082240910826,10.378877091982412,47.3000781619953,94.12104858789516,68.6573608856416,64.4025269320758,13.775117630962024,17
2022,1.125595090047607,20.282286216937173,12.215900173258206,12.268628888780011,5.317394087632212,9.148354731868377,40.199919,24.444191128155992,26.582562507244216,10.25172983107914,46.691596268411736,89.72605017808401,63.339908698585795,62.564920685888886,13.29834931760719,18
2023,0.5353760321225619,24.02278172068345,12.963678070945528,13.244500867554992,5.9940848433049645,8.174782326991293,39.21964543121418,24.38506406455443,28.178194027526416,10.332894662938902,46.47594939427849,89.41745736504744,62.65125786450003,58.395339751860185,13.432805219431579,19
2024,0.5942139405786058,28.73131,12.822125076560255,12.949014719366145,6.2662389139575385,8.539833426991672,38.57117515713526,23.597636523843182,27.178160285369238,11.008409123253543,48.54943902901121,89.50515358020614,63.58023839959657,57.79921292583782,13.873603122332993,20
2025,0.8403361344537814,28.172817281728175,12.602314201569637,11.286483116048105,6.706418670886363,5.0474762618690665,39.98800359892032,22.815115812475415,25.360924582984204,12.087632171259308,47.000599880024,89.88202359528096,64.58256998595495,59.90421795353583,14.48342327877469,20
