_etf,ticker,agg_weight_pct,location,etfs,yahoo_symbol,notes,succeeded
USXF,NVDA,20.22,United States,CRBN;DSI;ESGU;LCTU;PABU;SDG;SUSA;SUSL;USCL;USXF;XVV,NVDA,suffix_by_location(united states),True
SUSL,MSFT,12.97,United States,CRBN;DSI;ESGU;LCTU;PABU;SUSA;SUSL;USCL;XVV,MSFT,suffix_by_location(united states),True
ESGE,2330,11.01,Taiwan,CRBN;EMXF;ESGE,2330.TW,manual_map,True
ICLN,FSLR,8.9,United States,ICLN;SDG,FSLR,suffix_by_location(united states),True
ICLN,VWS,6.4,Denmark,ICLN;SDG,VWS.CO,manual_map,True
XVV,AAPL,6.19,United States,CRBN;ESGU;LCTU;PABU;SUSA;XVV,AAPL,suffix_by_location(united states),True
USXF,AVGO,6.12,United States,CRBN;ESGU;LCTU;PABU;SUSA;USXF;XVV,AVGO,suffix_by_location(united states),True
ICLN,IBE,5.9,Spain,ESGD;ICLN;LCTD,IBE.MC,manual_map,True
ICLN,SSE,5.8,United Kingdom,ICLN,SSE.L,suffix_by_location(united kingdom),True
SDG,968,5.02,China,SDG,0968.HK,manual_map,True
SDG,6669,4.95,Taiwan,SDG,6669.TW,suffix_by_location(taiwan),True
ESGE,700,4.74,China,CRBN;ESGE,0700.HK,manual_map,True
USCL,META,4.61,United States,CRBN;ESGU;LCTU;PABU;USCL;XVV,META,suffix_by_location(united states),True
USCL,AMZN,4.55,United States,CRBN;ESGU;LCTU;PABU;USCL;XVV,AMZN,suffix_by_location(united states),True
ICLN,EDP,4.33,Portugal,ICLN,EDP.LS,manual_map,True
SDG,9020,4.0,Japan,SDG,9020.T,suffix_by_location(japan),True
SDG,NOVN,3.94,Switzerland,DMXF;ESGD;PABD;SDG,NOVN.SW,manual_map,True
SUSL,GOOGL,3.9,United States,CRBN;DSI;LCTU;SUSA;SUSL;USCL;XVV,GOOGL,suffix_by_location(united states),True
ICLN,NXT,3.8,United States,ICLN,NXT,suffix_by_location(united states),True
ESGU,GOOG,3.72,United States,CRBN;DSI;ESGU;LCTU;PABU;SUSA;SUSL;USCL;XVV,GOOG,suffix_by_location(united states),True
ICLN,600900,3.6,China,ICLN,600900.SS,manual_map,True
SDG,288,3.52,Hong Kong,SDG,288.HK,suffix_by_location(hong kong),False
ICLN,BE,3.42,United States,ICLN,BE,suffix_by_location(united states),True
DMXF,SAP,3.42,Germany,DMXF;ESGD;LCTD;PABD,SAP.DE,suffix_by_location(germany),True
SDG,KMB,3.32,United States,SDG,KMB,suffix_by_location(united states),True
PABU,TSLA,3.32,United States,CRBN;DSI;ESGU;LCTU;PABU;SUSA;SUSL;USCL;XVV,TSLA,suffix_by_location(united states),True
ICLN,9502,3.3,Japan,ICLN,9502.T,suffix_by_location(japan),True
DMXF,ASML,3.18,Netherlands,DMXF;ESGD;LCTD;PABD,ASML.AS,suffix_by_location(netherlands),True
SDG,2015,3.1,China,SDG,2015.HK,manual_map,True
ICLN,EQTL3,3.07,Brazil,ICLN,EQTL3.SA,suffix_by_location(brazil),True
ICLN,ORSTED,3.03,Denmark,ICLN,ORSTED.CO,manual_map,True
EMXF,HDFCBANK,3.0,India,EMXF;ESGE,HDFCBANK.NS,manual_map,True
ICLN,SUZLON,2.81,India,ICLN,SUZLON.NS,manual_map,True
ESGE,5930,2.77,Korea (South),ESGE,5930,suffix_by_location(korea (south)),False
USXF,V,2.71,United States,CRBN;DSI;ESGU;PABU;SUSA;SUSL;USCL;USXF;XVV,V,suffix_by_location(united states),True
ESGE,9988,2.59,China,ESGE,9988.HK,manual_map,True
PABU,LLY,2.47,United States,CRBN;ESGU;LCTU;PABU;SUSA;SUSL;USCL;XVV,LLY,suffix_by_location(united states),True
SDG,9022,2.43,Japan,SDG,9022.T,suffix_by_location(japan),True
ICLN,ORA,2.39,United States,ICLN,ORA,suffix_by_location(united states),True
EMXF,660,2.37,Korea (South),EMXF;ESGE,0660.HK,manual_map,True
EMXF,939,2.29,China,EMXF;ESGE,939.SS,suffix_by_location(china),False
USCL,JPM,2.23,United States,CRBN;ESGU;LCTU;PABU;USCL;XVV,JPM,suffix_by_location(united states),True
ICLN,ELET3,2.21,Brazil,ICLN,ELET3.SA,suffix_by_location(brazil),True
SDG,1216,2.06,Taiwan,SDG,1216.TW,suffix_by_location(taiwan),True
PABU,DLR,2.02,United States,PABU;SDG,DLR,suffix_by_location(united states),True
ICLN,ENPH,1.95,United States,ICLN,ENPH,suffix_by_location(united states),True
PABU,MA,1.88,United States,CRBN;DSI;ESGU;LCTU;PABU;SUSA;SUSL;USCL;XVV,MA,suffix_by_location(united states),True
PABU,SHW,1.88,United States,PABU,SHW,suffix_by_location(united states),True
DMXF,NOVO B,1.81,Denmark,DMXF;ESGD;PABD,NOVO-B.CO,manual_map,True
EMXF,3690,1.8,China,EMXF;ESGE,3690.HK,manual_map,True
PABU,EQIX,1.8,United States,PABU;SDG,EQIX,suffix_by_location(united states),True
LCTD,HSBA,1.77,United Kingdom,ESGD;LCTD;PABD,HSBA.L,manual_map,True
SDG,373220,1.74,Korea (South),SDG,373220.KS,manual_map,True
USXF,HD,1.74,United States,DSI;ESGU;SUSA;SUSL;USCL;USXF;XVV,HD,suffix_by_location(united states),True
XVV,BRKB,1.72,United States,ESGU;LCTU;XVV,BRKB,suffix_by_location(united states),False
SDG,268,1.69,China,SDG,268.SS,suffix_by_location(china),False
PABU,IBM,1.63,United States,DSI;PABU;SUSL,IBM,suffix_by_location(united states),True
EMXF,2454,1.63,Taiwan,EMXF;ESGE,2454.TW,suffix_by_location(taiwan),True
DMXF,SU,1.61,France,DMXF;ESGD;LCTD;PABD,SU.PA,suffix_by_location(france),True
SDG,XYL,1.6,United States,PABU;SDG,XYL,suffix_by_location(united states),True
SDG,VNA,1.56,Germany,SDG,VNA.DE,suffix_by_location(germany),True
SDG,ESSITY B,1.54,Sweden,SDG,ESSITYB.ST,suffix_by_location(sweden),False
ICLN,EDPR,1.52,Portugal,ICLN,EDPR.LS,manual_map,True
ICLN,NDX1,1.51,Germany,ICLN,NDX1.DE,manual_map,True
USCL,ORCL,1.5,United States,DSI;ESGU;USCL;XVV,ORCL,suffix_by_location(united states),True
SDG,REGN,1.47,United States,SDG,REGN,suffix_by_location(united states),True
LCTD,AZN,1.42,United Kingdom,ESGD;LCTD;PABD,AZN.L,suffix_by_location(united kingdom),True
ICLN,NPI,1.42,Canada,ICLN,NPI.TO,manual_map,True
ESGE,RELIANCE,1.42,India,ESGE,RELIANCE.NS,manual_map,True
SUSL,JNJ,1.41,United States,CRBN;SUSL;USCL,JNJ,suffix_by_location(united states),True
ICLN,NHPC,1.39,India,ICLN,NHPC.NS,manual_map,True
USCL,NFLX,1.36,United States,CRBN;ESGU;LCTU;USCL;XVV,NFLX,suffix_by_location(united states),True
LCTD,SIE,1.34,Germany,ESGD;LCTD;PABD,SIE.DE,manual_map,True
DMXF,AI,1.33,France,DMXF,AI.PA,suffix_by_location(france),True
USXF,AMD,1.32,United States,DSI;SUSL;USCL;USXF,AMD,suffix_by_location(united states),True
LCTD,ALV,1.26,Germany,ESGD;LCTD;PABD,ALV.DE,suffix_by_location(germany),True
USCL,XOM,1.26,United States,USCL,XOM,suffix_by_location(united states),True
SUSA,ADP,1.26,United States,SUSA,ADP,suffix_by_location(united states),True
ESGE,1810,1.25,China,ESGE,1810.SS,suffix_by_location(china),False
SUSA,KO,1.25,United States,DSI;SUSA;SUSL,KO,suffix_by_location(united states),True
LCTD,6501,1.23,Japan,LCTD,6501.T,suffix_by_location(japan),True
LCTD,RY,1.23,Canada,LCTD;PABD,RY.TO,suffix_by_location(canada),True
LCTD,CM,1.23,Canada,LCTD,CM.TO,suffix_by_location(canada),True
EMXF,NPN,1.22,South Africa,EMXF,NPN.JO,manual_map,True
LCTU,GS,1.22,United States,LCTU,GS,suffix_by_location(united states),True
USCL,PLTR,1.21,United States,USCL,PLTR,suffix_by_location(united states),True
LCTD,NESN,1.21,Switzerland,ESGD;LCTD,NESN.SW,manual_map,True
SUSL,PG,1.21,United States,CRBN;DSI;ESGU;SUSL;XVV,PG,suffix_by_location(united states),True
DMXF,ABBN,1.2,Switzerland,DMXF;ESGD;PABD,ABBN.SW,suffix_by_location(switzerland),True
EMXF,1398,1.2,China,EMXF,1398.SS,suffix_by_location(china),False
PABU,ZTS,1.2,United States,PABU,ZTS,suffix_by_location(united states),True
PABU,NOW,1.2,United States,PABU;USXF,NOW,suffix_by_location(united states),True
PABU,AXON,1.19,United States,PABU,AXON,suffix_by_location(united states),True
USCL,WMT,1.19,United States,CRBN;USCL,WMT,suffix_by_location(united states),True
DSI,ABBV,1.18,United States,DSI;ESGU;XVV,ABBV,suffix_by_location(united states),True
DMXF,ZURN,1.18,Switzerland,DMXF;ESGD,ZURN.SW,manual_map,True
DMXF,SPOT,1.17,Sweden,DMXF,SPOT.ST,suffix_by_location(sweden),False
EMXF,1120,1.17,Saudi Arabia,EMXF;ESGE,1120.HK,manual_map,True
SUSA,MS,1.14,United States,SUSA,MS,suffix_by_location(united states),True
DMXF,1299,1.14,Hong Kong,DMXF,1299.HK,manual_map,True
SUSA,INTU,1.12,United States,DSI;SUSA;SUSL;USXF,INTU,suffix_by_location(united states),True
DMXF,REL,1.11,United Kingdom,DMXF;ESGD,REL.L,manual_map,True
LCTU,CSCO,1.11,United States,DSI;LCTU;USCL,CSCO,suffix_by_location(united states),True
LCTD,WSP,1.1,Canada,LCTD,WSP.TO,manual_map,True
SUSA,ECL,1.09,United States,LCTU;SUSA,ECL,suffix_by_location(united states),True
EMXF,2318,1.09,China,EMXF,2318.HK,manual_map,True
DMXF,8316,1.08,Japan,DMXF,8316.T,suffix_by_location(japan),True
SUSA,GILD,1.08,United States,SUSA,GILD,suffix_by_location(united states),True
LCTU,GE,1.08,United States,LCTU;SUSL,GE,suffix_by_location(united states),True
LCTD,CBA,1.08,Australia,ESGD;LCTD;PABD,CBA.AX,suffix_by_location(australia),True
XJH,IBKR,1.08,United States,XJH,IBKR,suffix_by_location(united states),True
SUSA,TXN,1.08,United States,SUSA;USXF,TXN,suffix_by_location(united states),True
PABD,ROG,1.06,Switzerland,PABD,ROG.SW,suffix_by_location(switzerland),True
EMXF,9999,1.06,China,EMXF;ESGE,9999.SS,suffix_by_location(china),False
LCTU,ADSK,1.05,United States,LCTU,ADSK,suffix_by_location(united states),True
LCTD,AIR,1.05,France,LCTD,AIR.PA,suffix_by_location(france),True
XJH,EME,1.04,United States,XJH,EME,suffix_by_location(united states),True
ESGE,2892,1.04,Taiwan,ESGE,2892.TW,suffix_by_location(taiwan),True
DMXF,EL,1.02,France,DMXF,EL.PA,suffix_by_location(france),True
LCTU,VICI,1.02,United States,LCTU,VICI,suffix_by_location(united states),True
SUSA,SPGI,1.02,United States,SUSA;USXF,SPGI,suffix_by_location(united states),True
USXF,LIN,1.02,United States,DSI;SUSL;USXF,LIN,suffix_by_location(united states),True
ESGE,2884,1.01,Taiwan,ESGE,2884.TW,suffix_by_location(taiwan),True
ESGD,6758,1.0,Japan,ESGD;PABD,6758.T,suffix_by_location(japan),True
EMXF,2308,0.99,Taiwan,EMXF;ESGE,2308.TW,suffix_by_location(taiwan),True
ESGE,ICICIBANK,0.99,India,ESGE,ICICIBANK.NS,suffix_by_location(india),True
LCTD,ACA,0.99,France,LCTD,ACA.PA,suffix_by_location(france),True
EMXF,3988,0.97,China,EMXF,3988.SS,suffix_by_location(china),False
DMXF,CSL,0.96,Australia,DMXF;XJH,CSL.AX,suffix_by_location(australia),True
ESGD,TTE,0.95,France,ESGD,TTE.PA,suffix_by_location(france),True
DMXF,CS,0.95,France,DMXF,CS.PA,suffix_by_location(france),True
DMXF,6098,0.95,Japan,DMXF,6098.T,suffix_by_location(japan),True
ESGE,INFY,0.93,India,ESGE,INFY.NS,suffix_by_location(india),True
EMXF,NU,0.93,Brazil,EMXF,NU.SA,suffix_by_location(brazil),False
XJH,FIX,0.92,United States,ESML;XJH,FIX,suffix_by_location(united states),True
EMXF,9961,0.9,China,EMXF,9961.SS,suffix_by_location(china),False
EMXF,9618,0.9,China,EMXF,9618.SS,suffix_by_location(china),False
ESGD,ULVR,0.88,United Kingdom,ESGD,ULVR.L,suffix_by_location(united kingdom),True
XVV,COST,0.86,United States,ESGU;XVV,COST,suffix_by_location(united states),True
EMXF,ITUB4,0.85,Brazil,EMXF,ITUB4.SA,suffix_by_location(brazil),True
USXF,BKNG,0.83,United States,USXF,BKNG,suffix_by_location(united states),True
USXF,GEV,0.83,United States,USXF,GEV,suffix_by_location(united states),True
USXF,VZ,0.83,United States,USXF,VZ,suffix_by_location(united states),True
PABD,SHOP,0.83,Canada,PABD,SHOP.TO,suffix_by_location(canada),True
SUSL,CRM,0.83,United States,DSI;SUSL,CRM,suffix_by_location(united states),True
XJH,RBA,0.8,Canada,XJH,RBA.TO,suffix_by_location(canada),True
PABD,8306,0.79,Japan,PABD,8306.T,suffix_by_location(japan),True
PABD,7203,0.79,Japan,PABD,7203.T,suffix_by_location(japan),True
ESGE,2882,0.79,Taiwan,ESGE,2882.TW,suffix_by_location(taiwan),True
EMXF,M&M,0.79,India,EMXF,M&M.NS,suffix_by_location(india),True
USXF,AXP,0.77,United States,USXF,AXP,suffix_by_location(united states),True
USXF,SCHW,0.77,United States,USXF,SCHW,suffix_by_location(united states),True
USXF,BLK,0.76,United States,USXF,BLK,suffix_by_location(united states),True
USXF,QCOM,0.75,United States,USXF,QCOM,suffix_by_location(united states),True
USXF,ACN,0.75,United States,USXF,ACN,suffix_by_location(united states),True
SUSL,MCD,0.75,United States,DSI;SUSL,MCD,suffix_by_location(united states),True
SUSL,DIS,0.74,United States,DSI;SUSL,DIS,suffix_by_location(united states),True
XJH,FLEX,0.73,United States,ESML;XJH,FLEX,suffix_by_location(united states),True
XJH,CASY,0.73,United States,ESML;XJH,CASY,suffix_by_location(united states),True
ESGE,316140,0.73,Korea (South),ESGE,316140,suffix_by_location(korea (south)),False
ESGU,CVX,0.73,United States,ESGU,CVX,suffix_by_location(united states),True
EMXF,105560,0.72,Korea (South),EMXF,105560,suffix_by_location(korea (south)),False
XJH,USFD,0.7,United States,ESML;XJH,USFD,suffix_by_location(united states),True
USXF,ETN,0.69,United States,USXF,ETN,suffix_by_location(united states),True
XJH,PSTG,0.69,United States,XJH,PSTG,suffix_by_location(united states),True
USXF,AMAT,0.68,United States,USXF,AMAT,suffix_by_location(united states),True
XJH,COHR,0.68,United States,XJH,COHR,suffix_by_location(united states),True
XJH,GWRE,0.67,United States,ESML;XJH,GWRE,suffix_by_location(united states),True
XJH,CW,0.67,United States,XJH,CW,suffix_by_location(united states),True
XJH,BURL,0.64,United States,XJH,BURL,suffix_by_location(united states),True
XJH,ACM,0.59,United States,XJH,ACM,suffix_by_location(united states),True
XJH,SGI,0.58,United States,XJH,SGI,suffix_by_location(united states),True
XJH,THC,0.58,United States,XJH,THC,suffix_by_location(united states),True
XJH,OKTA,0.58,United States,XJH,OKTA,suffix_by_location(united states),True
XJH,RPM,0.58,United States,XJH,RPM,suffix_by_location(united states),True
XJH,FNF,0.57,United States,XJH,FNF,suffix_by_location(united states),True
CRBN,OKE,0.54,United States,CRBN,OKE,suffix_by_location(united states),True
ESML,TPR,0.5,United States,ESML,TPR,suffix_by_location(united states),True
ESML,JHG,0.44,United States,ESML,JHG,suffix_by_location(united states),True
ESML,FTI,0.4,United States,ESML,FTI,suffix_by_location(united states),True
ESML,INSM,0.4,United States,ESML,INSM,suffix_by_location(united states),True
ESML,SOFI,0.39,United States,ESML,SOFI,suffix_by_location(united states),True
ESML,OVV,0.37,United States,ESML,OVV,suffix_by_location(united states),True
ESML,SFM,0.37,United States,ESML,SFM,suffix_by_location(united states),True
ESML,AFRM,0.36,United States,ESML,AFRM,suffix_by_location(united states),True
ESML,CRDO,0.36,United States,ESML,CRDO,suffix_by_location(united states),True
ESML,RKLB,0.34,United States,ESML,RKLB,suffix_by_location(united states),True
ESML,UNM,0.33,United States,ESML,UNM,suffix_by_location(united states),True
ESML,OSK,0.33,United States,ESML,OSK,suffix_by_location(united states),True
ESML,JLL,0.33,United States,ESML,JLL,suffix_by_location(united states),True
ESML,OGS,0.32,United States,ESML,OGS,suffix_by_location(united states),True
ESML,ZWS,0.32,United States,ESML,ZWS,suffix_by_location(united states),True
