etf_ticker,etf_name,date,sector,security,shares,value,total_value,total_oerall_value
LCTD,BlackRock World ex U.S. Carbon Transition Readiness ETF,31/01/24,Australia — 6.9%,ANZ Group Holdings Ltd.,"16,696","2,94,591",,
LCTD,BlackRock World ex U.S. Carbon Transition Readiness ETF,31/01/24,Australia — 6.9%,Aristocrat Leisure Ltd.,"56,714","16,35,099",,
LCTD,BlackRock World ex U.S. Carbon Transition Readiness ETF,31/01/24,Australia — 6.9%,BlueScope Steel Ltd.,"16,151","2,46,598",,
LCTD,BlackRock World ex U.S. Carbon Transition Readiness ETF,31/01/24,Australia — 6.9%,Brambles Ltd.,"42,985","4,09,852",,
LCTD,BlackRock World ex U.S. Carbon Transition Readiness ETF,31/01/24,Australia — 6.9%,Cochlear Ltd.,"3,026","6,00,506",,
LCTD,BlackRock World ex U.S. Carbon Transition Readiness ETF,31/01/24,Australia — 6.9%,Commonwealth Bank of Australia,"7,040","5,36,831",,
LCTD,BlackRock World ex U.S. Carbon Transition Readiness ETF,31/01/24,Australia — 6.9%,CSL Ltd.,"10,109","19,85,180",,
LCTD,BlackRock World ex U.S. Carbon Transition Readiness ETF,31/01/24,Australia — 6.9%,Fortescue Ltd.,"88,890","17,17,955",,
LCTD,BlackRock World ex U.S. Carbon Transition Readiness ETF,31/01/24,Australia — 6.9%,GPT Group (The),"1,90,479","5,75,699",,
LCTD,BlackRock World ex U.S. Carbon Transition Readiness ETF,31/01/24,Australia — 6.9%,IDP Education Ltd.,"2,645","33,871",,
LCTD,BlackRock World ex U.S. Carbon Transition Readiness ETF,31/01/24,Australia — 6.9%,IGO Ltd.,"79,249","3,85,246",,
LCTD,BlackRock World ex U.S. Carbon Transition Readiness ETF,31/01/24,Australia — 6.9%,Insurance Australia Group Ltd.,"15,146","59,455",,
LCTD,BlackRock World ex U.S. Carbon Transition Readiness ETF,31/01/24,Australia — 6.9%,Lottery Corp. Ltd. (The),"1,24,591","4,08,955",,
LCTD,BlackRock World ex U.S. Carbon Transition Readiness ETF,31/01/24,Australia — 6.9%,Macquarie Group Ltd.,"35,033","43,22,701",,
LCTD,BlackRock World ex U.S. Carbon Transition Readiness ETF,31/01/24,Australia — 6.9%,Medibank Pvt Ltd.,"1,55,181","3,88,517",,
LCTD,BlackRock World ex U.S. Carbon Transition Readiness ETF,31/01/24,Australia — 6.9%,Mineral Resources Ltd.,"6,155","2,37,391",,
LCTD,BlackRock World ex U.S. Carbon Transition Readiness ETF,31/01/24,Australia — 6.9%,Mirvac Group,"80,833","1,13,603",,
LCTD,BlackRock World ex U.S. Carbon Transition Readiness ETF,31/01/24,Australia — 6.9%,National Australia Bank Ltd.,"1,25,416","26,45,073",,
LCTD,BlackRock World ex U.S. Carbon Transition Readiness ETF,31/01/24,Australia — 6.9%,Pilbara Minerals Ltd.,"64,778","1,47,543",,
LCTD,BlackRock World ex U.S. Carbon Transition Readiness ETF,31/01/24,Australia — 6.9%,Qantas Airways Ltd.,"2,19,588","7,91,694",,
LCTD,BlackRock World ex U.S. Carbon Transition Readiness ETF,31/01/24,Australia — 6.9%,QBE Insurance Group Ltd.,"43,613","4,49,065",,
LCTD,BlackRock World ex U.S. Carbon Transition Readiness ETF,31/01/24,Australia — 6.9%,REA Group Ltd.,"4,497","5,36,342",,
LCTD,BlackRock World ex U.S. Carbon Transition Readiness ETF,31/01/24,Australia — 6.9%,Rio Tinto Ltd.,"3,182","2,73,803",,
LCTD,BlackRock World ex U.S. Carbon Transition Readiness ETF,31/01/24,Australia — 6.9%,Stockland,"3,08,911","9,12,248",,
LCTD,BlackRock World ex U.S. Carbon Transition Readiness ETF,31/01/24,Australia — 6.9%,Suncorp Group Ltd.,"74,774","6,88,260",,
LCTD,BlackRock World ex U.S. Carbon Transition Readiness ETF,31/01/24,Australia — 6.9%,Transurban Group,"60,146","5,28,397",,
LCTD,BlackRock World ex U.S. Carbon Transition Readiness ETF,31/01/24,Australia — 6.9%,Vicinity Ltd.,"2,43,440","3,23,144",,
LCTD,BlackRock World ex U.S. Carbon Transition Readiness ETF,31/01/24,Australia — 6.9%,Westpac Banking Corp.,"1,02,111","16,01,879",,
LCTD,BlackRock World ex U.S. Carbon Transition Readiness ETF,31/01/24,Australia — 6.9%,Woodside Energy Group Ltd.,"46,789","9,78,649","2,38,28,147",
LCTD,BlackRock World ex U.S. Carbon Transition Readiness ETF,31/01/24,Austria — 0.3%,Erste Group Bank AG,"11,862","5,10,996",,
LCTD,BlackRock World ex U.S. Carbon Transition Readiness ETF,31/01/24,Austria — 0.3%,Verbund AG,"7,576","6,16,068","11,27,064",
LCTD,BlackRock World ex U.S. Carbon Transition Readiness ETF,31/01/24,Belgium — 1.1%,Ageas SA/NV,"10,096","4,33,846",,
LCTD,BlackRock World ex U.S. Carbon Transition Readiness ETF,31/01/24,Belgium — 1.1%,Anheuser-Busch InBev SA/NV,"25,397","15,70,997",,
LCTD,BlackRock World ex U.S. Carbon Transition Readiness ETF,31/01/24,Belgium — 1.1%,Umicore SA,"78,200","17,78,773",,
LCTD,BlackRock World ex U.S. Carbon Transition Readiness ETF,31/01/24,Belgium — 1.1%,Warehouses De Pauw CVA,"3,450","1,00,937","38,84,553",
LCTD,BlackRock World ex U.S. Carbon Transition Readiness ETF,31/01/24,Canada — 10.0%,Agnico Eagle Mines Ltd.,"2,053","1,00,905",,
LCTD,BlackRock World ex U.S. Carbon Transition Readiness ETF,31/01/24,Canada — 10.0%,Algonquin Power & Utilities Corp.,"35,481","2,10,334",,
LCTD,BlackRock World ex U.S. Carbon Transition Readiness ETF,31/01/24,Canada — 10.0%,ARC Resources Ltd.,"24,797","3,85,110",,
LCTD,BlackRock World ex U.S. Carbon Transition Readiness ETF,31/01/24,Canada — 10.0%,Bank of Nova Scotia (The),"94,923","44,38,848",,
LCTD,BlackRock World ex U.S. Carbon Transition Readiness ETF,31/01/24,Canada — 10.0%,BCE Inc.,"25,621","10,33,835",,
LCTD,BlackRock World ex U.S. Carbon Transition Readiness ETF,31/01/24,Canada — 10.0%,Brookfield Asset Management Ltd.,"5,344","2,14,881",,
LCTD,BlackRock World ex U.S. Carbon Transition Readiness ETF,31/01/24,Canada — 10.0%,"Brookfield Corp., Class A","30,143","11,96,348",,
LCTD,BlackRock World ex U.S. Carbon Transition Readiness ETF,31/01/24,Canada — 10.0%,Canadian Imperial Bank of Commerce,"3,917","1,77,022",,
LCTD,BlackRock World ex U.S. Carbon Transition Readiness ETF,31/01/24,Canada — 10.0%,Canadian National Railway Co.,"5,011","6,21,618",,
LCTD,BlackRock World ex U.S. Carbon Transition Readiness ETF,31/01/24,Canada — 10.0%,"CCL Industries Inc., Class B, NVS","3,964","1,69,652",,
LCTD,BlackRock World ex U.S. Carbon Transition Readiness ETF,31/01/24,Canada — 10.0%,CGI Inc.,"16,470","18,44,415",,
LCTD,BlackRock World ex U.S. Carbon Transition Readiness ETF,31/01/24,Canada — 10.0%,Constellation Software Inc./Canada,40,"1,10,554",,
LCTD,BlackRock World ex U.S. Carbon Transition Readiness ETF,31/01/24,Canada — 10.0%,"Empire Co. Ltd., Class A, NVS","21,729","5,63,084",,
LCTD,BlackRock World ex U.S. Carbon Transition Readiness ETF,31/01/24,Canada — 10.0%,Enbridge Inc.,"87,616","31,11,152",,
LCTD,BlackRock World ex U.S. Carbon Transition Readiness ETF,31/01/24,Canada — 10.0%,First Quantum Minerals Ltd.,"9,849","89,373",,
LCTD,BlackRock World ex U.S. Carbon Transition Readiness ETF,31/01/24,Canada — 10.0%,Fortis Inc./Canada,"8,734","3,50,412",,
LCTD,BlackRock World ex U.S. Carbon Transition Readiness ETF,31/01/24,Canada — 10.0%,Franco-Nevada Corp.,"26,172","28,31,626",,
LCTD,BlackRock World ex U.S. Carbon Transition Readiness ETF,31/01/24,Canada — 10.0%,iA Financial Corp. Inc.,"1,001","68,051",,
LCTD,BlackRock World ex U.S. Carbon Transition Readiness ETF,31/01/24,Canada — 10.0%,IGM Financial Inc.,"2,153","58,243",,
LCTD,BlackRock World ex U.S. Carbon Transition Readiness ETF,31/01/24,Canada — 10.0%,Intact Financial Corp.,817,"1,27,765",,
LCTD,BlackRock World ex U.S. Carbon Transition Readiness ETF,31/01/24,Canada — 10.0%,Loblaw Companies Ltd.,"4,338","4,33,494",,
LCTD,BlackRock World ex U.S. Carbon Transition Readiness ETF,31/01/24,Canada — 10.0%,Manulife Financial Corp.,"59,842","13,22,849",,
LCTD,BlackRock World ex U.S. Carbon Transition Readiness ETF,31/01/24,Canada — 10.0%,Northland Power Inc.,"41,530","7,64,218",,
LCTD,BlackRock World ex U.S. Carbon Transition Readiness ETF,31/01/24,Canada — 10.0%,Nutrien Ltd.,"6,735","3,35,836",,
LCTD,BlackRock World ex U.S. Carbon Transition Readiness ETF,31/01/24,Canada — 10.0%,Parkland Corp.,"19,449","6,63,706",,
LCTD,BlackRock World ex U.S. Carbon Transition Readiness ETF,31/01/24,Canada — 10.0%,Pembina Pipeline Corp.,"2,756","94,931",,
LCTD,BlackRock World ex U.S. Carbon Transition Readiness ETF,31/01/24,Canada — 10.0%,Restaurant Brands International Inc.,"36,102","28,18,182",,
LCTD,BlackRock World ex U.S. Carbon Transition Readiness ETF,31/01/24,Canada — 10.0%,"Shopify Inc., Class A","26,754","21,41,793",,
LCTD,BlackRock World ex U.S. Carbon Transition Readiness ETF,31/01/24,Canada — 10.0%,Stantec Inc.,509,"40,899",,
LCTD,BlackRock World ex U.S. Carbon Transition Readiness ETF,31/01/24,Canada — 10.0%,Sun Life Financial Inc.,"58,343","30,24,228",,
LCTD,BlackRock World ex U.S. Carbon Transition Readiness ETF,31/01/24,Canada — 10.0%,TELUS Corp.,"33,029","5,91,572",,
LCTD,BlackRock World ex U.S. Carbon Transition Readiness ETF,31/01/24,Canada — 10.0%,Toronto-Dominion Bank (The),"73,775","44,81,538",,
LCTD,BlackRock World ex U.S. Carbon Transition Readiness ETF,31/01/24,Canada — 10.0%,Wheaton Precious Metals Corp.,766,"35,900","3,44,52,374",
LCTD,BlackRock World ex U.S. Carbon Transition Readiness ETF,31/01/24,Denmark — 3.1%,"AP Moller - Maersk A/S, Class B, NVS",37,"68,221",,
LCTD,BlackRock World ex U.S. Carbon Transition Readiness ETF,31/01/24,Denmark — 3.1%,Danske Bank A/S,"73,498","19,73,528",,
LCTD,BlackRock World ex U.S. Carbon Transition Readiness ETF,31/01/24,Denmark — 3.1%,DSV A/S,"4,995","8,93,654",,
LCTD,BlackRock World ex U.S. Carbon Transition Readiness ETF,31/01/24,Denmark — 3.1%,Genmab A/S,182,"50,327",,
LCTD,BlackRock World ex U.S. Carbon Transition Readiness ETF,31/01/24,Denmark — 3.1%,Novo Nordisk A/S,"56,863","64,99,690",,
LCTD,BlackRock World ex U.S. Carbon Transition Readiness ETF,31/01/24,Denmark — 3.1%,"Novozymes A/S, Class B","4,157","2,13,008",,
LCTD,BlackRock World ex U.S. Carbon Transition Readiness ETF,31/01/24,Denmark — 3.1%,Vestas Wind Systems A/S,"35,999","10,14,992","1,07,13,420",
LCTD,BlackRock World ex U.S. Carbon Transition Readiness ETF,31/01/24,Finland — 0.9%,Fortum OYJ,"19,246","2,63,096",,
LCTD,BlackRock World ex U.S. Carbon Transition Readiness ETF,31/01/24,Finland — 0.9%,Neste OYJ,"24,646","8,49,659",,
LCTD,BlackRock World ex U.S. Carbon Transition Readiness ETF,31/01/24,Finland — 0.9%,Nordea Bank Abp,"11,115","1,36,963",,
LCTD,BlackRock World ex U.S. Carbon Transition Readiness ETF,31/01/24,Finland — 0.9%,"Stora Enso OYJ, Class R","10,975","1,39,654",,
LCTD,BlackRock World ex U.S. Carbon Transition Readiness ETF,31/01/24,Finland — 0.9%,Wartsila OYJ Abp,"1,22,176","18,02,286","31,91,658",
LCTD,BlackRock World ex U.S. Carbon Transition Readiness ETF,31/01/24,France — 11.0%,Airbus SE,"9,774","15,56,860",,
LCTD,BlackRock World ex U.S. Carbon Transition Readiness ETF,31/01/24,France — 11.0%,Amundi SA,"13,154","8,89,705",,
LCTD,BlackRock World ex U.S. Carbon Transition Readiness ETF,31/01/24,France — 11.0%,Arkema SA,"1,557","1,69,453",,
LCTD,BlackRock World ex U.S. Carbon Transition Readiness ETF,31/01/24,France — 11.0%,BioMerieux,"5,997","6,45,447",,
LCTD,BlackRock World ex U.S. Carbon Transition Readiness ETF,31/01/24,France — 11.0%,Bollore SE,"43,730","2,88,838",,
LCTD,BlackRock World ex U.S. Carbon Transition Readiness ETF,31/01/24,France — 11.0%,Bouygues SA,"8,510","3,11,743",,
LCTD,BlackRock World ex U.S. Carbon Transition Readiness ETF,31/01/24,France — 11.0%,Capgemini SE,"5,442","12,09,873",,
LCTD,BlackRock World ex U.S. Carbon Transition Readiness ETF,31/01/24,France — 11.0%,Carrefour SA,"46,998","8,02,364",,
LCTD,BlackRock World ex U.S. Carbon Transition Readiness ETF,31/01/24,France — 11.0%,Cie. de Saint-Gobain,"9,287","6,56,652",,
LCTD,BlackRock World ex U.S. Carbon Transition Readiness ETF,31/01/24,France — 11.0%,Dassault Systemes SE,"12,235","6,34,241",,
LCTD,BlackRock World ex U.S. Carbon Transition Readiness ETF,31/01/24,France — 11.0%,Engie SA,"40,207","6,42,205",,
LCTD,BlackRock World ex U.S. Carbon Transition Readiness ETF,31/01/24,France — 11.0%,EssilorLuxottica SA,"6,706","13,14,195",,
LCTD,BlackRock World ex U.S. Carbon Transition Readiness ETF,31/01/24,France — 11.0%,Gecina SA,670,"73,892",,
LCTD,BlackRock World ex U.S. Carbon Transition Readiness ETF,31/01/24,France — 11.0%,Hermes International SCA,322,"6,79,310",,
LCTD,BlackRock World ex U.S. Carbon Transition Readiness ETF,31/01/24,France — 11.0%,Ipsen SA,"3,094","3,56,736",,
LCTD,BlackRock World ex U.S. Carbon Transition Readiness ETF,31/01/24,France — 11.0%,Kering SA,"1,641","6,74,079",,
LCTD,BlackRock World ex U.S. Carbon Transition Readiness ETF,31/01/24,France — 11.0%,Klepierre SA,"12,030","3,11,465",,
LCTD,BlackRock World ex U.S. Carbon Transition Readiness ETF,31/01/24,France — 11.0%,La Francaise des Jeux SAEM,"2,005","81,270",,
LCTD,BlackRock World ex U.S. Carbon Transition Readiness ETF,31/01/24,France — 11.0%,Legrand SA,"25,652","24,86,079",,
LCTD,BlackRock World ex U.S. Carbon Transition Readiness ETF,31/01/24,France — 11.0%,L’Oreal SA,"6,433","30,78,538",,
LCTD,BlackRock World ex U.S. Carbon Transition Readiness ETF,31/01/24,France — 11.0%,LVMH Moet Hennessy Louis Vuitton SE,"7,323","60,93,165",,
LCTD,BlackRock World ex U.S. Carbon Transition Readiness ETF,31/01/24,France — 11.0%,Publicis Groupe SA,"2,005","2,00,888",,
LCTD,BlackRock World ex U.S. Carbon Transition Readiness ETF,31/01/24,France — 11.0%,Remy Cointreau SA,423,"42,860",,
LCTD,BlackRock World ex U.S. Carbon Transition Readiness ETF,31/01/24,France — 11.0%,Renault SA,"7,734","2,91,260",,
LCTD,BlackRock World ex U.S. Carbon Transition Readiness ETF,31/01/24,France — 11.0%,Safran SA,"5,727","10,69,282",,
LCTD,BlackRock World ex U.S. Carbon Transition Readiness ETF,31/01/24,France — 11.0%,Sanofi SA,"24,542","24,57,772",,
LCTD,BlackRock World ex U.S. Carbon Transition Readiness ETF,31/01/24,France — 11.0%,Sartorius Stedim Biotech,572,"1,54,118",,
LCTD,BlackRock World ex U.S. Carbon Transition Readiness ETF,31/01/24,France — 11.0%,Schneider Electric SE,"28,137","55,27,513",,
LCTD,BlackRock World ex U.S. Carbon Transition Readiness ETF,31/01/24,France — 11.0%,SEB SA,"1,164","1,42,136",,
LCTD,BlackRock World ex U.S. Carbon Transition Readiness ETF,31/01/24,France — 11.0%,Sodexo SA,"8,011","9,03,712",,
LCTD,BlackRock World ex U.S. Carbon Transition Readiness ETF,31/01/24,France — 11.0%,TotalEnergies SE,"52,418","34,00,648",,
LCTD,BlackRock World ex U.S. Carbon Transition Readiness ETF,31/01/24,France — 11.0%,Vinci SA,"1,225","1,54,745",,
LCTD,BlackRock World ex U.S. Carbon Transition Readiness ETF,31/01/24,France — 11.0%,Vivendi SE,"55,277","6,22,947",,
LCTD,BlackRock World ex U.S. Carbon Transition Readiness ETF,31/01/24,France — 11.0%,Worldline SA/France (a)(b),"14,207","1,92,057","3,81,16,048",
LCTD,BlackRock World ex U.S. Carbon Transition Readiness ETF,31/01/24,Germany — 6.6%,adidas AG,630,"1,18,936",,
LCTD,BlackRock World ex U.S. Carbon Transition Readiness ETF,31/01/24,Germany — 6.6%,"Allianz SE, Registered","9,924","26,51,454",,
LCTD,BlackRock World ex U.S. Carbon Transition Readiness ETF,31/01/24,Germany — 6.6%,BASF SE,"18,204","8,70,224",,
LCTD,BlackRock World ex U.S. Carbon Transition Readiness ETF,31/01/24,Germany — 6.6%,Commerzbank AG,"7,115","81,706",,
LCTD,BlackRock World ex U.S. Carbon Transition Readiness ETF,31/01/24,Germany — 6.6%,Covestro AG (a)(b),"9,853","5,20,292",,
LCTD,BlackRock World ex U.S. Carbon Transition Readiness ETF,31/01/24,Germany — 6.6%,"Deutsche Post AG, Registered","10,012","4,79,516",,
LCTD,BlackRock World ex U.S. Carbon Transition Readiness ETF,31/01/24,Germany — 6.6%,"Deutsche Telekom AG, Registered","1,34,616","33,04,528",,
LCTD,BlackRock World ex U.S. Carbon Transition Readiness ETF,31/01/24,Germany — 6.6%,E.ON SE,"73,504","9,94,456",,
LCTD,BlackRock World ex U.S. Carbon Transition Readiness ETF,31/01/24,Germany — 6.6%,Heidelberg Materials AG,"3,184","2,94,025",,
LCTD,BlackRock World ex U.S. Carbon Transition Readiness ETF,31/01/24,Germany — 6.6%,Henkel AG & Co. KGaA,"1,107","75,708",,
LCTD,BlackRock World ex U.S. Carbon Transition Readiness ETF,31/01/24,Germany — 6.6%,Mercedes-Benz Group AG,"15,179","10,24,776",,
LCTD,BlackRock World ex U.S. Carbon Transition Readiness ETF,31/01/24,Germany — 6.6%,Merck KGaA,"5,085","8,34,324",,
LCTD,BlackRock World ex U.S. Carbon Transition Readiness ETF,31/01/24,Germany — 6.6%,"Muenchener Rueckversicherungs-Gesellschaft AG in Muenchen, Registered","3,636","15,47,914",,
LCTD,BlackRock World ex U.S. Carbon Transition Readiness ETF,31/01/24,Germany — 6.6%,Rational AG,106,"81,428",,
LCTD,BlackRock World ex U.S. Carbon Transition Readiness ETF,31/01/24,Germany — 6.6%,SAP SE,"23,143","40,09,445",,
LCTD,BlackRock World ex U.S. Carbon Transition Readiness ETF,31/01/24,Germany — 6.6%,"Siemens AG, Registered","24,439","43,75,164",,
LCTD,BlackRock World ex U.S. Carbon Transition Readiness ETF,31/01/24,Germany — 6.6%,Siemens Healthineers AG,"21,096","11,74,018",,
LCTD,BlackRock World ex U.S. Carbon Transition Readiness ETF,31/01/24,Germany — 6.6%,"Symrise AG, Class A",377,"38,897",,
LCTD,BlackRock World ex U.S. Carbon Transition Readiness ETF,31/01/24,Germany — 6.6%,Vonovia SE,"5,343","1,66,447",,
LCTD,BlackRock World ex U.S. Carbon Transition Readiness ETF,31/01/24,Germany — 6.6%,Zalando SE (a)(b),"8,157","1,62,868","2,28,06,126",
LCTD,BlackRock World ex U.S. Carbon Transition Readiness ETF,31/01/24,Hong Kong — 1.4%,AIA Group Ltd.,"2,29,000","17,95,913",,
LCTD,BlackRock World ex U.S. Carbon Transition Readiness ETF,31/01/24,Hong Kong — 1.4%,BOC Hong Kong Holdings Ltd.,"17,000","40,746",,
LCTD,BlackRock World ex U.S. Carbon Transition Readiness ETF,31/01/24,Hong Kong — 1.4%,Budweiser Brewing Co. APAC Ltd. (b)(c),"3,70,500","5,83,960",,
LCTD,BlackRock World ex U.S. Carbon Transition Readiness ETF,31/01/24,Hong Kong — 1.4%,Hang Lung Properties Ltd.,"1,72,000","1,99,685",,
LCTD,BlackRock World ex U.S. Carbon Transition Readiness ETF,31/01/24,Hong Kong — 1.4%,Hang Seng Bank Ltd.,"40,300","4,19,530",,
LCTD,BlackRock World ex U.S. Carbon Transition Readiness ETF,31/01/24,Hong Kong — 1.4%,Hong Kong Exchanges & Clearing Ltd.,"19,100","5,79,089",,
LCTD,BlackRock World ex U.S. Carbon Transition Readiness ETF,31/01/24,Hong Kong — 1.4%,MTR Corp. Ltd.,"1,81,000","5,88,849",,
LCTD,BlackRock World ex U.S. Carbon Transition Readiness ETF,31/01/24,Hong Kong — 1.4%,Sands China Ltd.,"28,400","74,543",,
LCTD,BlackRock World ex U.S. Carbon Transition Readiness ETF,31/01/24,Hong Kong — 1.4%,Sun Hung Kai Properties Ltd.,"9,000","84,001",,
LCTD,BlackRock World ex U.S. Carbon Transition Readiness ETF,31/01/24,Hong Kong — 1.4%,"Swire Pacific Ltd., Class A","72,500","5,60,935","49,27,251",
LCTD,BlackRock World ex U.S. Carbon Transition Readiness ETF,31/01/24,Ireland — 0.7%,Bank of Ireland Group PLC,"28,865","2,65,442",,
LCTD,BlackRock World ex U.S. Carbon Transition Readiness ETF,31/01/24,Ireland — 0.7%,CRH PLC,"25,474","18,07,167",,
LCTD,BlackRock World ex U.S. Carbon Transition Readiness ETF,31/01/24,Ireland — 0.7%,Flutter Entertainment PLC,914,"1,87,604",,
LCTD,BlackRock World ex U.S. Carbon Transition Readiness ETF,31/01/24,Ireland — 0.7%,Smurfit Kappa Group PLC,"7,048","2,62,642","25,22,855",
LCTD,BlackRock World ex U.S. Carbon Transition Readiness ETF,31/01/24,Israel — 0.3%,Bank Leumi Le-Israel BM,"26,650","2,02,411",,
LCTD,BlackRock World ex U.S. Carbon Transition Readiness ETF,31/01/24,Israel — 0.3%,CyberArk Software Ltd.,"2,233","5,21,361",,
LCTD,BlackRock World ex U.S. Carbon Transition Readiness ETF,31/01/24,Israel — 0.3%,Nice Ltd.,712,"1,47,727","8,71,499",
LCTD,BlackRock World ex U.S. Carbon Transition Readiness ETF,31/01/24,Italy — 1.8%,Enel SpA,"3,72,409","25,41,087",,
LCTD,BlackRock World ex U.S. Carbon Transition Readiness ETF,31/01/24,Italy — 1.8%,FinecoBank Banca Fineco SpA,"48,531","6,99,737",,
LCTD,BlackRock World ex U.S. Carbon Transition Readiness ETF,31/01/24,Italy — 1.8%,Intesa Sanpaolo SpA,"4,91,917","15,15,741",,
LCTD,BlackRock World ex U.S. Carbon Transition Readiness ETF,31/01/24,Italy — 1.8%,Telecom Italia SpA/Milano,"2,76,121","83,225",,
LCTD,BlackRock World ex U.S. Carbon Transition Readiness ETF,31/01/24,Italy — 1.8%,UniCredit SpA,"45,265","13,25,905","61,65,695",
LCTD,BlackRock World ex U.S. Carbon Transition Readiness ETF,31/01/24,Japan — 20.1%,Advantest Corp.,"48,000","19,10,295",,
LCTD,BlackRock World ex U.S. Carbon Transition Readiness ETF,31/01/24,Japan — 20.1%,Ajinomoto Co. Inc.,"6,400","2,62,816",,
LCTD,BlackRock World ex U.S. Carbon Transition Readiness ETF,31/01/24,Japan — 20.1%,Asahi Group Holdings Ltd.,"4,400","1,63,539",,
LCTD,BlackRock World ex U.S. Carbon Transition Readiness ETF,31/01/24,Japan — 20.1%,Azbil Corp.,"2,100","67,861",,
LCTD,BlackRock World ex U.S. Carbon Transition Readiness ETF,31/01/24,Japan — 20.1%,BayCurrent Consulting Inc.,"1,500","34,874",,
LCTD,BlackRock World ex U.S. Carbon Transition Readiness ETF,31/01/24,Japan — 20.1%,Chugai Pharmaceutical Co. Ltd.,"16,800","6,04,300",,
LCTD,BlackRock World ex U.S. Carbon Transition Readiness ETF,31/01/24,Japan — 20.1%,Dai Nippon Printing Co. Ltd.,"43,600","12,61,782",,
LCTD,BlackRock World ex U.S. Carbon Transition Readiness ETF,31/01/24,Japan — 20.1%,Daifuku Co. Ltd.,"22,700","4,47,644",,
LCTD,BlackRock World ex U.S. Carbon Transition Readiness ETF,31/01/24,Japan — 20.1%,Daiichi Sankyo Co. Ltd.,"15,900","4,76,031",,
LCTD,BlackRock World ex U.S. Carbon Transition Readiness ETF,31/01/24,Japan — 20.1%,Daikin Industries Ltd.,"7,800","12,49,811",,
LCTD,BlackRock World ex U.S. Carbon Transition Readiness ETF,31/01/24,Japan — 20.1%,Denso Corp.,"1,35,700","21,31,582",,
LCTD,BlackRock World ex U.S. Carbon Transition Readiness ETF,31/01/24,Japan — 20.1%,Disco Corp.,300,"80,952",,
LCTD,BlackRock World ex U.S. Carbon Transition Readiness ETF,31/01/24,Japan — 20.1%,Eisai Co. Ltd.,"5,200","2,44,861",,
LCTD,BlackRock World ex U.S. Carbon Transition Readiness ETF,31/01/24,Japan — 20.1%,ENEOS Holdings Inc.,"3,34,300","13,50,088",,
LCTD,BlackRock World ex U.S. Carbon Transition Readiness ETF,31/01/24,Japan — 20.1%,Fuji Electric Co. Ltd.,"19,900","9,96,592",,
LCTD,BlackRock World ex U.S. Carbon Transition Readiness ETF,31/01/24,Japan — 20.1%,FUJIFILM Holdings Corp.,"1,900","1,20,431",,
LCTD,BlackRock World ex U.S. Carbon Transition Readiness ETF,31/01/24,Japan — 20.1%,Fujitsu Ltd.,"5,700","7,88,961",,
LCTD,BlackRock World ex U.S. Carbon Transition Readiness ETF,31/01/24,Japan — 20.1%,Hankyu Hanshin Holdings Inc.,"34,400","10,52,486",,
LCTD,BlackRock World ex U.S. Carbon Transition Readiness ETF,31/01/24,Japan — 20.1%,Hitachi Ltd.,"28,100","22,07,265",,
LCTD,BlackRock World ex U.S. Carbon Transition Readiness ETF,31/01/24,Japan — 20.1%,Honda Motor Co. Ltd.,"3,48,600","38,96,672",,
LCTD,BlackRock World ex U.S. Carbon Transition Readiness ETF,31/01/24,Japan — 20.1%,Ibiden Co. Ltd.,"13,800","6,94,415",,
LCTD,BlackRock World ex U.S. Carbon Transition Readiness ETF,31/01/24,Japan — 20.1%,Inpex Corp.,"11,100","1,50,876",,
LCTD,BlackRock World ex U.S. Carbon Transition Readiness ETF,31/01/24,Japan — 20.1%,Japan Post Bank Co. Ltd.,"5,700","59,279",,
LCTD,BlackRock World ex U.S. Carbon Transition Readiness ETF,31/01/24,Japan — 20.1%,Japan Real Estate Investment Corp.,39,"1,49,508",,
LCTD,BlackRock World ex U.S. Carbon Transition Readiness ETF,31/01/24,Japan — 20.1%,JFE Holdings Inc.,"5,700","89,996",,
LCTD,BlackRock World ex U.S. Carbon Transition Readiness ETF,31/01/24,Japan — 20.1%,Kao Corp.,"3,600","1,42,443",,
LCTD,BlackRock World ex U.S. Carbon Transition Readiness ETF,31/01/24,Japan — 20.1%,Kawasaki Kisen Kaisha Ltd.,"5,800","2,82,598",,
LCTD,BlackRock World ex U.S. Carbon Transition Readiness ETF,31/01/24,Japan — 20.1%,Kirin Holdings Co. Ltd.,"1,01,500","14,58,957",,
LCTD,BlackRock World ex U.S. Carbon Transition Readiness ETF,31/01/24,Japan — 20.1%,Komatsu Ltd.,"17,200","4,89,339",,
LCTD,BlackRock World ex U.S. Carbon Transition Readiness ETF,31/01/24,Japan — 20.1%,Kubota Corp.,"82,000","12,41,272",,
LCTD,BlackRock World ex U.S. Carbon Transition Readiness ETF,31/01/24,Japan — 20.1%,Kyocera Corp.,"1,06,100","15,53,311",,
LCTD,BlackRock World ex U.S. Carbon Transition Readiness ETF,31/01/24,Japan — 20.1%,Kyowa Kirin Co. Ltd.,"6,200","97,662",,
LCTD,BlackRock World ex U.S. Carbon Transition Readiness ETF,31/01/24,Japan — 20.1%,Lasertec Corp.,"3,000","7,81,287",,
LCTD,BlackRock World ex U.S. Carbon Transition Readiness ETF,31/01/24,Japan — 20.1%,MatsukiyoCocokara & Co.,"3,000","54,530",,
LCTD,BlackRock World ex U.S. Carbon Transition Readiness ETF,31/01/24,Japan — 20.1%,Mazda Motor Corp.,"8,200","99,412",,
LCTD,BlackRock World ex U.S. Carbon Transition Readiness ETF,31/01/24,Japan — 20.1%,Mitsubishi Corp.,"9,800","1,68,902",,
LCTD,BlackRock World ex U.S. Carbon Transition Readiness ETF,31/01/24,Japan — 20.1%,Mitsubishi Electric Corp.,"1,82,400","27,06,871",,
LCTD,BlackRock World ex U.S. Carbon Transition Readiness ETF,31/01/24,Japan — 20.1%,Mitsubishi Estate Co. Ltd.,"37,900","5,25,139",,
LCTD,BlackRock World ex U.S. Carbon Transition Readiness ETF,31/01/24,Japan — 20.1%,Mitsubishi HC Capital Inc.,"4,700","33,325",,
LCTD,BlackRock World ex U.S. Carbon Transition Readiness ETF,31/01/24,Japan — 20.1%,Mitsubishi Heavy Industries Ltd.,"15,500","10,33,904",,
LCTD,BlackRock World ex U.S. Carbon Transition Readiness ETF,31/01/24,Japan — 20.1%,Mitsui & Co. Ltd.,"26,600","10,78,822",,
LCTD,BlackRock World ex U.S. Carbon Transition Readiness ETF,31/01/24,Japan — 20.1%,Mitsui OSK Lines Ltd.,"24,300","8,72,867",,
LCTD,BlackRock World ex U.S. Carbon Transition Readiness ETF,31/01/24,Japan — 20.1%,Mizuho Financial Group Inc.,"46,300","8,40,880",,
LCTD,BlackRock World ex U.S. Carbon Transition Readiness ETF,31/01/24,Japan — 20.1%,Murata Manufacturing Co. Ltd.,"1,10,900","22,39,306",,
LCTD,BlackRock World ex U.S. Carbon Transition Readiness ETF,31/01/24,Japan — 20.1%,Nintendo Co. Ltd.,"36,500","20,39,287",,
LCTD,BlackRock World ex U.S. Carbon Transition Readiness ETF,31/01/24,Japan — 20.1%,Nippon Building Fund Inc.,123,"4,97,671",,
LCTD,BlackRock World ex U.S. Carbon Transition Readiness ETF,31/01/24,Japan — 20.1%,Nippon Express Holdings Inc.,"15,200","9,04,724",,
LCTD,BlackRock World ex U.S. Carbon Transition Readiness ETF,31/01/24,Japan — 20.1%,Nippon Paint Holdings Co. Ltd.,"31,700","2,49,679",,
LCTD,BlackRock World ex U.S. Carbon Transition Readiness ETF,31/01/24,Japan — 20.1%,Nippon Prologis REIT Inc.,259,"4,60,813",,
LCTD,BlackRock World ex U.S. Carbon Transition Readiness ETF,31/01/24,Japan — 20.1%,Nippon Steel Corp.,"64,100","15,42,545",,
LCTD,BlackRock World ex U.S. Carbon Transition Readiness ETF,31/01/24,Japan — 20.1%,Nippon Telegraph & Telephone Corp.,"4,17,800","5,24,654",,
LCTD,BlackRock World ex U.S. Carbon Transition Readiness ETF,31/01/24,Japan — 20.1%,Nippon Yusen KK,"25,300","8,71,860",,
LCTD,BlackRock World ex U.S. Carbon Transition Readiness ETF,31/01/24,Japan — 20.1%,Nissan Motor Co. Ltd.,"27,500","1,07,960",,
LCTD,BlackRock World ex U.S. Carbon Transition Readiness ETF,31/01/24,Japan — 20.1%,Nitto Denko Corp.,"5,700","4,72,860",,
LCTD,BlackRock World ex U.S. Carbon Transition Readiness ETF,31/01/24,Japan — 20.1%,Nomura Holdings Inc.,"3,49,700","18,83,535",,
LCTD,BlackRock World ex U.S. Carbon Transition Readiness ETF,31/01/24,Japan — 20.1%,Nomura Real Estate Master Fund Inc.,158,"1,72,894",,
LCTD,BlackRock World ex U.S. Carbon Transition Readiness ETF,31/01/24,Japan — 20.1%,Nomura Research Institute Ltd.,"27,800","8,50,222",,
LCTD,BlackRock World ex U.S. Carbon Transition Readiness ETF,31/01/24,Japan — 20.1%,NTT Data Group Corp.,"15,200","2,18,935",,
LCTD,BlackRock World ex U.S. Carbon Transition Readiness ETF,31/01/24,Japan — 20.1%,Olympus Corp.,"25,600","3,78,974",,
LCTD,BlackRock World ex U.S. Carbon Transition Readiness ETF,31/01/24,Japan — 20.1%,Omron Corp.,"31,300","14,07,412",,
LCTD,BlackRock World ex U.S. Carbon Transition Readiness ETF,31/01/24,Japan — 20.1%,Pan Pacific International Holdings Corp.,"4,400","95,113",,
LCTD,BlackRock World ex U.S. Carbon Transition Readiness ETF,31/01/24,Japan — 20.1%,Panasonic Holdings Corp.,"2,19,600","20,68,363",,
LCTD,BlackRock World ex U.S. Carbon Transition Readiness ETF,31/01/24,Japan — 20.1%,Renesas Electronics Corp.,"31,400","5,15,198",,
LCTD,BlackRock World ex U.S. Carbon Transition Readiness ETF,31/01/24,Japan — 20.1%,Secom Co. Ltd.,"10,600","7,69,352",,
LCTD,BlackRock World ex U.S. Carbon Transition Readiness ETF,31/01/24,Japan — 20.1%,Sekisui Chemical Co. Ltd.,"98,700","14,09,193",,
LCTD,BlackRock World ex U.S. Carbon Transition Readiness ETF,31/01/24,Japan — 20.1%,Seven & i Holdings Co. Ltd.,"16,600","6,55,614",,
LCTD,BlackRock World ex U.S. Carbon Transition Readiness ETF,31/01/24,Japan — 20.1%,SG Holdings Co. Ltd.,"3,800","49,210",,
LCTD,BlackRock World ex U.S. Carbon Transition Readiness ETF,31/01/24,Japan — 20.1%,Shin-Etsu Chemical Co. Ltd.,"48,200","18,97,257",,
LCTD,BlackRock World ex U.S. Carbon Transition Readiness ETF,31/01/24,Japan — 20.1%,SoftBank Corp.,"21,900","2,90,960",,
LCTD,BlackRock World ex U.S. Carbon Transition Readiness ETF,31/01/24,Japan — 20.1%,Sony Group Corp.,"15,600","15,29,866",,
LCTD,BlackRock World ex U.S. Carbon Transition Readiness ETF,31/01/24,Japan — 20.1%,Sumitomo Chemical Co. Ltd.,"30,100","70,873",,
LCTD,BlackRock World ex U.S. Carbon Transition Readiness ETF,31/01/24,Japan — 20.1%,Sumitomo Metal Mining Co. Ltd.,"17,100","4,72,621",,
LCTD,BlackRock World ex U.S. Carbon Transition Readiness ETF,31/01/24,Japan — 20.1%,Sumitomo Mitsui Financial Group Inc.,"2,200","1,14,429",,
LCTD,BlackRock World ex U.S. Carbon Transition Readiness ETF,31/01/24,Japan — 20.1%,Sumitomo Mitsui Trust Holdings Inc.,"59,700","12,23,448",,
LCTD,BlackRock World ex U.S. Carbon Transition Readiness ETF,31/01/24,Japan — 20.1%,Sysmex Corp.,"4,300","2,32,941",,
LCTD,BlackRock World ex U.S. Carbon Transition Readiness ETF,31/01/24,Japan — 20.1%,TDK Corp.,"18,300","9,10,513",,
LCTD,BlackRock World ex U.S. Carbon Transition Readiness ETF,31/01/24,Japan — 20.1%,Terumo Corp.,"30,500","10,32,485",,
LCTD,BlackRock World ex U.S. Carbon Transition Readiness ETF,31/01/24,Japan — 20.1%,Tokio Marine Holdings Inc.,"4,700","1,23,927",,
LCTD,BlackRock World ex U.S. Carbon Transition Readiness ETF,31/01/24,Japan — 20.1%,Tokyo Electron Ltd.,"5,200","9,64,977",,
LCTD,BlackRock World ex U.S. Carbon Transition Readiness ETF,31/01/24,Japan — 20.1%,TOPPAN Holdings Inc.,"1,800","49,616",,
LCTD,BlackRock World ex U.S. Carbon Transition Readiness ETF,31/01/24,Japan — 20.1%,Toray Industries Inc.,"2,06,100","10,29,764",,
LCTD,BlackRock World ex U.S. Carbon Transition Readiness ETF,31/01/24,Japan — 20.1%,TOTO Ltd.,"12,600","3,41,022",,
LCTD,BlackRock World ex U.S. Carbon Transition Readiness ETF,31/01/24,Japan — 20.1%,Toyota Industries Corp.,"6,500","5,49,764",,
LCTD,BlackRock World ex U.S. Carbon Transition Readiness ETF,31/01/24,Japan — 20.1%,Toyota Motor Corp.,"1,64,900","32,92,693",,
LCTD,BlackRock World ex U.S. Carbon Transition Readiness ETF,31/01/24,Japan — 20.1%,Trend Micro Inc./Japan,"4,700","2,68,884",,
LCTD,BlackRock World ex U.S. Carbon Transition Readiness ETF,31/01/24,Japan — 20.1%,USS Co. Ltd.,"25,800","4,87,914",,
LCTD,BlackRock World ex U.S. Carbon Transition Readiness ETF,31/01/24,Japan — 20.1%,Yamaha Motor Co. Ltd.,"12,800","1,20,982",,
LCTD,BlackRock World ex U.S. Carbon Transition Readiness ETF,31/01/24,Japan — 20.1%,ZOZO Inc.,"4,600","1,00,724","6,94,45,472",
LCTD,BlackRock World ex U.S. Carbon Transition Readiness ETF,31/01/24,Netherlands — 3.0%,Aegon Ltd.,"13,148","77,566",,
LCTD,BlackRock World ex U.S. Carbon Transition Readiness ETF,31/01/24,Netherlands — 3.0%,Akzo Nobel NV,"3,964","3,04,484",,
LCTD,BlackRock World ex U.S. Carbon Transition Readiness ETF,31/01/24,Netherlands — 3.0%,ASML Holding NV,"6,421","55,70,782",,
LCTD,BlackRock World ex U.S. Carbon Transition Readiness ETF,31/01/24,Netherlands — 3.0%,ING Groep NV,"1,01,701","14,45,015",,
LCTD,BlackRock World ex U.S. Carbon Transition Readiness ETF,31/01/24,Netherlands — 3.0%,Koninklijke Philips NV,"27,815","5,88,442",,
LCTD,BlackRock World ex U.S. Carbon Transition Readiness ETF,31/01/24,Netherlands — 3.0%,NN Group NV,"13,714","5,62,112",,
LCTD,BlackRock World ex U.S. Carbon Transition Readiness ETF,31/01/24,Netherlands — 3.0%,OCI NV,"1,316","37,590",,
LCTD,BlackRock World ex U.S. Carbon Transition Readiness ETF,31/01/24,Netherlands — 3.0%,Prosus NV,"9,477","2,81,957",,
LCTD,BlackRock World ex U.S. Carbon Transition Readiness ETF,31/01/24,Netherlands — 3.0%,Wolters Kluwer NV,"8,951","13,19,530","1,01,87,478",
LCTD,BlackRock World ex U.S. Carbon Transition Readiness ETF,31/01/24,New Zealand — 0.1%,Mercury NZ Ltd.,"48,041","1,98,214","1,98,214",
LCTD,BlackRock World ex U.S. Carbon Transition Readiness ETF,31/01/24,Norway — 1.2%,Aker BP ASA,"42,502","11,28,070",,
LCTD,BlackRock World ex U.S. Carbon Transition Readiness ETF,31/01/24,Norway — 1.2%,DNB Bank ASA,"2,906","56,492",,
LCTD,BlackRock World ex U.S. Carbon Transition Readiness ETF,31/01/24,Norway — 1.2%,Equinor ASA,"77,724","22,24,234",,
LCTD,BlackRock World ex U.S. Carbon Transition Readiness ETF,31/01/24,Norway — 1.2%,Norsk Hydro ASA,"71,696","4,20,174",,
LCTD,BlackRock World ex U.S. Carbon Transition Readiness ETF,31/01/24,Norway — 1.2%,Orkla ASA,"61,832","4,84,338","43,13,308",
LCTD,BlackRock World ex U.S. Carbon Transition Readiness ETF,31/01/24,Portugal — 0.4%,Galp Energia SGPS SA,"67,789","10,67,117",,
LCTD,BlackRock World ex U.S. Carbon Transition Readiness ETF,31/01/24,Portugal — 0.4%,Jeronimo Martins SGPS SA,"13,969","3,17,701","13,84,818",
LCTD,BlackRock World ex U.S. Carbon Transition Readiness ETF,31/01/24,Singapore — 0.8%,City Developments Ltd.,"68,800","3,12,269",,
LCTD,BlackRock World ex U.S. Carbon Transition Readiness ETF,31/01/24,Singapore — 0.8%,DBS Group Holdings Ltd.,"65,800","15,58,492",,
LCTD,BlackRock World ex U.S. Carbon Transition Readiness ETF,31/01/24,Singapore — 0.8%,Keppel Ltd.,"25,492","1,35,458",,
LCTD,BlackRock World ex U.S. Carbon Transition Readiness ETF,31/01/24,Singapore — 0.8%,Oversea-Chinese Banking Corp. Ltd.,"22,800","2,18,090",,
LCTD,BlackRock World ex U.S. Carbon Transition Readiness ETF,31/01/24,Singapore — 0.8%,United Overseas Bank Ltd.,"25,500","5,37,503","27,61,812",
LCTD,BlackRock World ex U.S. Carbon Transition Readiness ETF,31/01/24,Spain — 2.9%,Acciona SA,375,"48,508",,
LCTD,BlackRock World ex U.S. Carbon Transition Readiness ETF,31/01/24,Spain — 2.9%,Banco Santander SA,"3,86,232","15,52,289",,
LCTD,BlackRock World ex U.S. Carbon Transition Readiness ETF,31/01/24,Spain — 2.9%,Cellnex Telecom SA,"6,298","2,42,330",,
LCTD,BlackRock World ex U.S. Carbon Transition Readiness ETF,31/01/24,Spain — 2.9%,Grifols SA,"19,142","2,08,509",,
LCTD,BlackRock World ex U.S. Carbon Transition Readiness ETF,31/01/24,Spain — 2.9%,Iberdrola SA,"3,74,877","45,13,878",,
LCTD,BlackRock World ex U.S. Carbon Transition Readiness ETF,31/01/24,Spain — 2.9%,Industria de Diseno Textil SA,"70,133","29,98,702",,
LCTD,BlackRock World ex U.S. Carbon Transition Readiness ETF,31/01/24,Spain — 2.9%,Telefonica SA,"98,641","4,01,354","99,65,570",
LCTD,BlackRock World ex U.S. Carbon Transition Readiness ETF,31/01/24,Sweden — 2.4%,"Atlas Copco AB, Class A","18,656","2,97,739",,
LCTD,BlackRock World ex U.S. Carbon Transition Readiness ETF,31/01/24,Sweden — 2.4%,"Atlas Copco AB, Class B","29,783","4,12,434",,
LCTD,BlackRock World ex U.S. Carbon Transition Readiness ETF,31/01/24,Sweden — 2.4%,Boliden AB,"38,296","10,16,478",,
LCTD,BlackRock World ex U.S. Carbon Transition Readiness ETF,31/01/24,Sweden — 2.4%,EQT AB,"34,492","9,26,184",,
LCTD,BlackRock World ex U.S. Carbon Transition Readiness ETF,31/01/24,Sweden — 2.4%,Evolution AB,"4,173","4,87,255",,
LCTD,BlackRock World ex U.S. Carbon Transition Readiness ETF,31/01/24,Sweden — 2.4%,"H & M Hennes & Mauritz AB, Class B","28,839","4,06,882",,
LCTD,BlackRock World ex U.S. Carbon Transition Readiness ETF,31/01/24,Sweden — 2.4%,"Nibe Industrier AB, Class B","60,521","3,61,624",,
LCTD,BlackRock World ex U.S. Carbon Transition Readiness ETF,31/01/24,Sweden — 2.4%,"Skandinaviska Enskilda Banken AB, Class A","56,542","8,03,017",,
LCTD,BlackRock World ex U.S. Carbon Transition Readiness ETF,31/01/24,Sweden — 2.4%,"Svenska Cellulosa AB SCA, Class B","3,330","45,334",,
LCTD,BlackRock World ex U.S. Carbon Transition Readiness ETF,31/01/24,Sweden — 2.4%,"Swedbank AB, Class A","29,836","6,07,997",,
LCTD,BlackRock World ex U.S. Carbon Transition Readiness ETF,31/01/24,Sweden — 2.4%,"Tele2 AB, Class B","3,02,226","25,76,788",,
LCTD,BlackRock World ex U.S. Carbon Transition Readiness ETF,31/01/24,Sweden — 2.4%,"Telefonaktiebolaget LM Ericsson, Class B","48,067","2,66,458","82,08,190",
LCTD,BlackRock World ex U.S. Carbon Transition Readiness ETF,31/01/24,Switzerland — 10.8%,"ABB Ltd., Registered","1,11,346","47,11,250",,
LCTD,BlackRock World ex U.S. Carbon Transition Readiness ETF,31/01/24,Switzerland — 10.8%,"Avolta AG, Registered","4,723","1,80,442",,
LCTD,BlackRock World ex U.S. Carbon Transition Readiness ETF,31/01/24,Switzerland — 10.8%,"Chocoladefabriken Lindt & Spruengli AG, Participation Certificates, NVS",12,"1,52,507",,
LCTD,BlackRock World ex U.S. Carbon Transition Readiness ETF,31/01/24,Switzerland — 10.8%,"Coca-Cola HBC AG, Class DI","2,931","86,162",,
LCTD,BlackRock World ex U.S. Carbon Transition Readiness ETF,31/01/24,Switzerland — 10.8%,DSM-Firmenich AG,490,"51,808",,
LCTD,BlackRock World ex U.S. Carbon Transition Readiness ETF,31/01/24,Switzerland — 10.8%,Julius Baer Group Ltd.,"2,068","1,12,585",,
LCTD,BlackRock World ex U.S. Carbon Transition Readiness ETF,31/01/24,Switzerland — 10.8%,"Kuehne + Nagel International AG, Registered","1,902","6,44,549",,
LCTD,BlackRock World ex U.S. Carbon Transition Readiness ETF,31/01/24,Switzerland — 10.8%,"Lonza Group AG, Registered","2,446","11,95,863",,
LCTD,BlackRock World ex U.S. Carbon Transition Readiness ETF,31/01/24,Switzerland — 10.8%,"Nestle SA, Registered","61,728","70,33,938",,
LCTD,BlackRock World ex U.S. Carbon Transition Readiness ETF,31/01/24,Switzerland — 10.8%,"Novartis AG, Registered","59,468","61,49,807",,
LCTD,BlackRock World ex U.S. Carbon Transition Readiness ETF,31/01/24,Switzerland — 10.8%,Partners Group Holding AG,"1,147","15,47,504",,
LCTD,BlackRock World ex U.S. Carbon Transition Readiness ETF,31/01/24,Switzerland — 10.8%,"Roche Holding AG, Bearer","2,708","8,20,328",,
LCTD,BlackRock World ex U.S. Carbon Transition Readiness ETF,31/01/24,Switzerland — 10.8%,"Roche Holding AG, NVS","12,266","34,92,331",,
LCTD,BlackRock World ex U.S. Carbon Transition Readiness ETF,31/01/24,Switzerland — 10.8%,"Schindler Holding AG, Participation Certificates, NVS","1,796","4,47,363",,
LCTD,BlackRock World ex U.S. Carbon Transition Readiness ETF,31/01/24,Switzerland — 10.8%,"Schindler Holding AG, Registered",170,"40,467",,
LCTD,BlackRock World ex U.S. Carbon Transition Readiness ETF,31/01/24,Switzerland — 10.8%,SGS SA,750,"69,304",,
LCTD,BlackRock World ex U.S. Carbon Transition Readiness ETF,31/01/24,Switzerland — 10.8%,Siemens Energy AG,"4,523","67,198",,
LCTD,BlackRock World ex U.S. Carbon Transition Readiness ETF,31/01/24,Switzerland — 10.8%,"Sika AG, Registered","6,701","18,49,864",,
LCTD,BlackRock World ex U.S. Carbon Transition Readiness ETF,31/01/24,Switzerland — 10.8%,"Sonova Holding AG, Registered","6,096","19,48,260",,
LCTD,BlackRock World ex U.S. Carbon Transition Readiness ETF,31/01/24,Switzerland — 10.8%,STMicroelectronics NV,"45,305","19,89,230",,
LCTD,BlackRock World ex U.S. Carbon Transition Readiness ETF,31/01/24,Switzerland — 10.8%,"Swiss Life Holding AG, Registered","2,269","16,29,432",,
LCTD,BlackRock World ex U.S. Carbon Transition Readiness ETF,31/01/24,Switzerland — 10.8%,Swiss Re AG,"18,810","21,53,753",,
LCTD,BlackRock World ex U.S. Carbon Transition Readiness ETF,31/01/24,Switzerland — 10.8%,"Temenos AG, Registered","1,401","1,42,580",,
LCTD,BlackRock World ex U.S. Carbon Transition Readiness ETF,31/01/24,Switzerland — 10.8%,Zurich Insurance Group AG,"1,149","5,83,795","3,71,00,320",
LCTD,BlackRock World ex U.S. Carbon Transition Readiness ETF,31/01/24,United Kingdom — 12.4%,3i Group PLC,"50,279","15,73,981",,
LCTD,BlackRock World ex U.S. Carbon Transition Readiness ETF,31/01/24,United Kingdom — 12.4%,Anglo American PLC,"52,252","12,45,567",,
LCTD,BlackRock World ex U.S. Carbon Transition Readiness ETF,31/01/24,United Kingdom — 12.4%,Antofagasta PLC,"7,616","1,65,993",,
LCTD,BlackRock World ex U.S. Carbon Transition Readiness ETF,31/01/24,United Kingdom — 12.4%,AstraZeneca PLC,"35,050","46,46,818",,
LCTD,BlackRock World ex U.S. Carbon Transition Readiness ETF,31/01/24,United Kingdom — 12.4%,Auto Trader Group PLC,"41,281","3,79,780",,
LCTD,BlackRock World ex U.S. Carbon Transition Readiness ETF,31/01/24,United Kingdom — 12.4%,Aviva PLC,"21,336","1,16,464",,
LCTD,BlackRock World ex U.S. Carbon Transition Readiness ETF,31/01/24,United Kingdom — 12.4%,BAE Systems PLC,"42,468","6,32,623",,
LCTD,BlackRock World ex U.S. Carbon Transition Readiness ETF,31/01/24,United Kingdom — 12.4%,Barclays PLC,"4,56,020","8,47,434",,
LCTD,BlackRock World ex U.S. Carbon Transition Readiness ETF,31/01/24,United Kingdom — 12.4%,Berkeley Group Holdings PLC,"17,738","10,74,118",,
LCTD,BlackRock World ex U.S. Carbon Transition Readiness ETF,31/01/24,United Kingdom — 12.4%,BP PLC,"3,45,119","20,15,639",,
LCTD,BlackRock World ex U.S. Carbon Transition Readiness ETF,31/01/24,United Kingdom — 12.4%,BT Group PLC,"2,98,203","4,22,474",,
LCTD,BlackRock World ex U.S. Carbon Transition Readiness ETF,31/01/24,United Kingdom — 12.4%,Coca-Cola Europacific Partners PLC,"20,696","14,25,954",,
LCTD,BlackRock World ex U.S. Carbon Transition Readiness ETF,31/01/24,United Kingdom — 12.4%,Compass Group PLC,"6,089","1,67,714",,
LCTD,BlackRock World ex U.S. Carbon Transition Readiness ETF,31/01/24,United Kingdom — 12.4%,Croda International PLC,"1,231","74,508",,
LCTD,BlackRock World ex U.S. Carbon Transition Readiness ETF,31/01/24,United Kingdom — 12.4%,Diageo PLC,"1,20,611","43,56,212",,
LCTD,BlackRock World ex U.S. Carbon Transition Readiness ETF,31/01/24,United Kingdom — 12.4%,GSK PLC,"1,39,480","27,58,598",,
LCTD,BlackRock World ex U.S. Carbon Transition Readiness ETF,31/01/24,United Kingdom — 12.4%,Haleon PLC,"73,004","2,96,525",,
LCTD,BlackRock World ex U.S. Carbon Transition Readiness ETF,31/01/24,United Kingdom — 12.4%,HSBC Holdings PLC,"6,17,390","48,20,397",,
LCTD,BlackRock World ex U.S. Carbon Transition Readiness ETF,31/01/24,United Kingdom — 12.4%,Intertek Group PLC,"3,114","1,76,753",,
LCTD,BlackRock World ex U.S. Carbon Transition Readiness ETF,31/01/24,United Kingdom — 12.4%,J Sainsbury PLC,"3,85,991","13,17,835",,
LCTD,BlackRock World ex U.S. Carbon Transition Readiness ETF,31/01/24,United Kingdom — 12.4%,JD Sports Fashion PLC,"2,39,935","3,54,555",,
LCTD,BlackRock World ex U.S. Carbon Transition Readiness ETF,31/01/24,United Kingdom — 12.4%,Land Securities Group PLC,"7,489","63,137",,
LCTD,BlackRock World ex U.S. Carbon Transition Readiness ETF,31/01/24,United Kingdom — 12.4%,Lloyds Banking Group PLC,"16,06,854","8,61,363",,
LCTD,BlackRock World ex U.S. Carbon Transition Readiness ETF,31/01/24,United Kingdom — 12.4%,London Stock Exchange Group PLC,432,"48,865",,
LCTD,BlackRock World ex U.S. Carbon Transition Readiness ETF,31/01/24,United Kingdom — 12.4%,"Mondi PLC, NVS","15,645","2,80,353",,
LCTD,BlackRock World ex U.S. Carbon Transition Readiness ETF,31/01/24,United Kingdom — 12.4%,"NatWest Group PLC, NVS","1,47,734","4,16,926",,
LCTD,BlackRock World ex U.S. Carbon Transition Readiness ETF,31/01/24,United Kingdom — 12.4%,Pearson PLC,"7,868","96,523",,
LCTD,BlackRock World ex U.S. Carbon Transition Readiness ETF,31/01/24,United Kingdom — 12.4%,Prudential PLC,"61,675","6,33,561",,
LCTD,BlackRock World ex U.S. Carbon Transition Readiness ETF,31/01/24,United Kingdom — 12.4%,Reckitt Benckiser Group PLC,"25,799","18,65,291",,
LCTD,BlackRock World ex U.S. Carbon Transition Readiness ETF,31/01/24,United Kingdom — 12.4%,RELX PLC,"79,567","32,84,053",,
LCTD,BlackRock World ex U.S. Carbon Transition Readiness ETF,31/01/24,United Kingdom — 12.4%,Rio Tinto PLC,"14,158","9,80,008",,
LCTD,BlackRock World ex U.S. Carbon Transition Readiness ETF,31/01/24,United Kingdom — 12.4%,Segro PLC,"44,933","4,99,029",,
LCTD,BlackRock World ex U.S. Carbon Transition Readiness ETF,31/01/24,United Kingdom — 12.4%,Shell PLC,"63,939","19,82,257",,
LCTD,BlackRock World ex U.S. Carbon Transition Readiness ETF,31/01/24,United Kingdom — 12.4%,Standard Chartered PLC,"79,119","5,97,945",,
LCTD,BlackRock World ex U.S. Carbon Transition Readiness ETF,31/01/24,United Kingdom — 12.4%,Tesco PLC,"2,49,476","9,04,006",,
LCTD,BlackRock World ex U.S. Carbon Transition Readiness ETF,31/01/24,United Kingdom — 12.4%,Unilever PLC,"27,819","13,53,678","4,27,36,937",338908809
LCTD,BlackRock World ex U.S. Carbon Transition Readiness ETF,31/01/24,GERMANY — 0.6%,"Bayerische Motoren Werke AG, Preference Shares, NVS","7,323","7,15,534",,
LCTD,BlackRock World ex U.S. Carbon Transition Readiness ETF,31/01/24,GERMANY — 0.6%,"Henkel AG & Co. KGaA, Preference Shares, NVS","4,289","3,28,788",,
LCTD,BlackRock World ex U.S. Carbon Transition Readiness ETF,31/01/24,GERMANY — 0.6%,"Sartorius AG, Preference Shares, NVS",183,"66,759",,
LCTD,BlackRock World ex U.S. Carbon Transition Readiness ETF,31/01/24,GERMANY — 0.6%,"Volkswagen AG, Preference Shares, NVS","7,674","9,86,992","20,98,073","20,98,073"
LCTD,BlackRock World ex U.S. Carbon Transition Readiness ETF,31/01/24,MONEY MARKET FUNDS — 1.3%,"BlackRock Cash Funds: Institutional, SL Agency Shares, 5.51%(d)(e)(f)","18,38,214","18,39,317",,
LCTD,BlackRock World ex U.S. Carbon Transition Readiness ETF,31/01/24,MONEY MARKET FUNDS — 1.3%,"BlackRock Cash Funds: Treasury, SL Agency Shares, 5.32%(d)(e)","25,90,000","25,90,000","44,29,317","44,29,317"