etf_ticker,etf_name,date,sector,security,shares,value,total_value,
PABU,iShares Paris-Aligned Climate Optimized MSCI USA ETF,31/08/22,Aerospace & Defense — 0.6%,HEICO Corp.,"12,128","18,47,094",,
PABU,iShares Paris-Aligned Climate Optimized MSCI USA ETF,31/08/22,Aerospace & Defense — 0.6%,"HEICO Corp., Class","2,518","3,08,657",,
PABU,iShares Paris-Aligned Climate Optimized MSCI USA ETF,31/08/22,Aerospace & Defense — 0.6%,"L3Harris Technologies, Inc.","5,628","12,84,253",,
PABU,iShares Paris-Aligned Climate Optimized MSCI USA ETF,31/08/22,Aerospace & Defense — 0.6%,"TransDigm Group, Inc.","2,079","12,48,211","46,88,215",
PABU,iShares Paris-Aligned Climate Optimized MSCI USA ETF,31/08/22,Automobiles — 3.2%,Ford Motor Co.,"1,18,919","18,12,325",,
PABU,iShares Paris-Aligned Climate Optimized MSCI USA ETF,31/08/22,Automobiles — 3.2%,"Lucid Group, Inc.","43,144","6,61,829",,
PABU,iShares Paris-Aligned Climate Optimized MSCI USA ETF,31/08/22,Automobiles — 3.2%,"Tesla, Inc.","79,860","2,20,10,215","2,44,84,369",
PABU,iShares Paris-Aligned Climate Optimized MSCI USA ETF,31/08/22,Banks — 2.4%,Bank America Corp.,"36,438","12,24,681",,
PABU,iShares Paris-Aligned Climate Optimized MSCI USA ETF,31/08/22,Banks — 2.4%,First Republic Bank,"13,398","20,34,218",,
PABU,iShares Paris-Aligned Climate Optimized MSCI USA ETF,31/08/22,Banks — 2.4%,JPMorgan Chase & Co.,"67,680","76,97,247",,
PABU,iShares Paris-Aligned Climate Optimized MSCI USA ETF,31/08/22,Banks — 2.4%,KeyCorp,"47,035","8,32,049",,
PABU,iShares Paris-Aligned Climate Optimized MSCI USA ETF,31/08/22,Banks — 2.4%,M&T Bank Corp.,"5,123","9,31,259",,
PABU,iShares Paris-Aligned Climate Optimized MSCI USA ETF,31/08/22,Banks — 2.4%,"PNC Financial Services Group, Inc. (The)","6,569","10,37,902",,
PABU,iShares Paris-Aligned Climate Optimized MSCI USA ETF,31/08/22,Banks — 2.4%,SVB Financial Group,"4,307","17,50,882",,
PABU,iShares Paris-Aligned Climate Optimized MSCI USA ETF,31/08/22,Banks — 2.4%,Truist Financial Corp.,"21,692","10,16,053",,
PABU,iShares Paris-Aligned Climate Optimized MSCI USA ETF,31/08/22,Banks — 2.4%,U.S. Bancorp,"38,265","17,45,267","1,82,69,558",
PABU,iShares Paris-Aligned Climate Optimized MSCI USA ETF,31/08/22,Beverages — 1.3%,"Brown-Forman Corp., Class, NVS","35,771","26,00,552",,
PABU,iShares Paris-Aligned Climate Optimized MSCI USA ETF,31/08/22,Beverages — 1.3%,Coca-Cola Co. (The),"92,324","56,97,314",,
PABU,iShares Paris-Aligned Climate Optimized MSCI USA ETF,31/08/22,Beverages — 1.3%,"Keurig Dr Pepper, Inc.","25,752","9,81,666",,
PABU,iShares Paris-Aligned Climate Optimized MSCI USA ETF,31/08/22,Beverages — 1.3%,Monster Beverage Corp.,"8,587","7,62,783","1,00,42,315",
PABU,iShares Paris-Aligned Climate Optimized MSCI USA ETF,31/08/22,Biotechnology — 2.0%,"AbbVie, Inc.","38,405","51,63,936",,
PABU,iShares Paris-Aligned Climate Optimized MSCI USA ETF,31/08/22,Biotechnology — 2.0%,"Alnylam Pharmaceuticals, Inc.","4,416","9,12,655",,
PABU,iShares Paris-Aligned Climate Optimized MSCI USA ETF,31/08/22,Biotechnology — 2.0%,"Amgen, Inc.","7,793","18,72,658",,
PABU,iShares Paris-Aligned Climate Optimized MSCI USA ETF,31/08/22,Biotechnology — 2.0%,"Biogen, Inc.","3,857","7,53,581",,
PABU,iShares Paris-Aligned Climate Optimized MSCI USA ETF,31/08/22,Biotechnology — 2.0%,"BioMarin Pharmaceutical, Inc.","8,922","7,95,842",,
PABU,iShares Paris-Aligned Climate Optimized MSCI USA ETF,31/08/22,Biotechnology — 2.0%,Exact Sciences Corp.,"4,627","1,64,490",,
PABU,iShares Paris-Aligned Climate Optimized MSCI USA ETF,31/08/22,Biotechnology — 2.0%,Horizon Therapeutics PLC,"1,459","86,387",,
PABU,iShares Paris-Aligned Climate Optimized MSCI USA ETF,31/08/22,Biotechnology — 2.0%,"Moderna, Inc.","6,555","8,67,030",,
PABU,iShares Paris-Aligned Climate Optimized MSCI USA ETF,31/08/22,Biotechnology — 2.0%,"Neurocrine Biosciences, Inc.","3,420","3,57,835",,
PABU,iShares Paris-Aligned Climate Optimized MSCI USA ETF,31/08/22,Biotechnology — 2.0%,"Regeneron Pharmaceuticals, Inc.","2,794","16,23,482",,
PABU,iShares Paris-Aligned Climate Optimized MSCI USA ETF,31/08/22,Biotechnology — 2.0%,"Seagen, Inc.","2,088","3,22,157",,
PABU,iShares Paris-Aligned Climate Optimized MSCI USA ETF,31/08/22,Biotechnology — 2.0%,"Vertex Pharmaceuticals, Inc.","6,425","18,10,308","1,47,30,361",
PABU,iShares Paris-Aligned Climate Optimized MSCI USA ETF,31/08/22,Building Products — 0.1%,O Smith Corp.,"5,320","3,00,314",,
PABU,iShares Paris-Aligned Climate Optimized MSCI USA ETF,31/08/22,Building Products — 0.1%,"Fortune Brands Home & Security, Inc.","4,872","2,99,287",,
PABU,iShares Paris-Aligned Climate Optimized MSCI USA ETF,31/08/22,Building Products — 0.1%,Masco Corp.,"7,208","3,66,671","9,66,272",
PABU,iShares Paris-Aligned Climate Optimized MSCI USA ETF,31/08/22,Capital Markets — 4.3%,"Ameriprise Financial, Inc.","1,000","2,68,010",,
PABU,iShares Paris-Aligned Climate Optimized MSCI USA ETF,31/08/22,Capital Markets — 4.3%,Bank New York Mellon Corp. (The),"32,715","13,58,654",,
PABU,iShares Paris-Aligned Climate Optimized MSCI USA ETF,31/08/22,Capital Markets — 4.3%,"BlackRock, Inc.","5,590","37,25,120",,
PABU,iShares Paris-Aligned Climate Optimized MSCI USA ETF,31/08/22,Capital Markets — 4.3%,"Blackstone, Inc., NVS","16,605","15,59,874",,
PABU,iShares Paris-Aligned Climate Optimized MSCI USA ETF,31/08/22,Capital Markets — 4.3%,"Cboe Global Markets, Inc.","6,031","7,11,477",,
PABU,iShares Paris-Aligned Climate Optimized MSCI USA ETF,31/08/22,Capital Markets — 4.3%,Charles Schwab Corp. (The),"57,493","40,79,128",,
PABU,iShares Paris-Aligned Climate Optimized MSCI USA ETF,31/08/22,Capital Markets — 4.3%,"CME Group, Inc., Class","11,194","21,89,658",,
PABU,iShares Paris-Aligned Climate Optimized MSCI USA ETF,31/08/22,Capital Markets — 4.3%,"FactSet Research Systems, Inc.","2,327","10,08,382",,
PABU,iShares Paris-Aligned Climate Optimized MSCI USA ETF,31/08/22,Capital Markets — 4.3%,"Intercontinental Exchange, Inc.","19,602","19,76,862",,
PABU,iShares Paris-Aligned Climate Optimized MSCI USA ETF,31/08/22,Capital Markets — 4.3%,Invesco Ltd.,"51,589","8,49,671",,
PABU,iShares Paris-Aligned Climate Optimized MSCI USA ETF,31/08/22,Capital Markets — 4.3%,"KKR & Co., Inc.","12,080","6,10,765",,
PABU,iShares Paris-Aligned Climate Optimized MSCI USA ETF,31/08/22,Capital Markets — 4.3%,"MarketAxess Holdings, Inc.","1,798","4,46,965",,
PABU,iShares Paris-Aligned Climate Optimized MSCI USA ETF,31/08/22,Capital Markets — 4.3%,Moody's Corp.,"11,246","31,99,712",,
PABU,iShares Paris-Aligned Climate Optimized MSCI USA ETF,31/08/22,Capital Markets — 4.3%,"Nasdaq, Inc.","17,481","10,40,644",,
PABU,iShares Paris-Aligned Climate Optimized MSCI USA ETF,31/08/22,Capital Markets — 4.3%,Northern Trust Corp.,"10,028","9,53,563",,
PABU,iShares Paris-Aligned Climate Optimized MSCI USA ETF,31/08/22,Capital Markets — 4.3%,"Raymond James Financial, Inc.","1,448","1,51,128",,
PABU,iShares Paris-Aligned Climate Optimized MSCI USA ETF,31/08/22,Capital Markets — 4.3%,"S&P Global, Inc.","17,247","60,74,048",,
PABU,iShares Paris-Aligned Climate Optimized MSCI USA ETF,31/08/22,Capital Markets — 4.3%,SEI Co.,"15,312","8,37,566",,
PABU,iShares Paris-Aligned Climate Optimized MSCI USA ETF,31/08/22,Capital Markets — 4.3%,"T Rowe Price Group, Inc.","9,850","11,82,000",,
PABU,iShares Paris-Aligned Climate Optimized MSCI USA ETF,31/08/22,Capital Markets — 4.3%,"Tradeweb Markets, Inc., Class","1,638","1,13,988","3,23,37,215",
PABU,iShares Paris-Aligned Climate Optimized MSCI USA ETF,31/08/22,Chemicals — 3.7%,Albemarle Corp.,"2,530","6,77,939",,
PABU,iShares Paris-Aligned Climate Optimized MSCI USA ETF,31/08/22,Chemicals — 3.7%,"Ecolab, Inc.","81,768","1,33,96,051",,
PABU,iShares Paris-Aligned Climate Optimized MSCI USA ETF,31/08/22,Chemicals — 3.7%,"International Flavors & Fragrances, Inc.","1,090","1,20,423",,
PABU,iShares Paris-Aligned Climate Optimized MSCI USA ETF,31/08/22,Chemicals — 3.7%,"PPG Industries, Inc.",622,"78,982",,
PABU,iShares Paris-Aligned Climate Optimized MSCI USA ETF,31/08/22,Chemicals — 3.7%,Sherwin-Williams Co. (The),"57,311","1,33,01,883","2,75,75,278",
PABU,iShares Paris-Aligned Climate Optimized MSCI USA ETF,31/08/22,Commercial Services & Supplies — 0.4%,Cintas Corp.,"2,496","10,15,473",,
PABU,iShares Paris-Aligned Climate Optimized MSCI USA ETF,31/08/22,Commercial Services & Supplies — 0.4%,"Copart, Inc.","7,183","8,59,446",,
PABU,iShares Paris-Aligned Climate Optimized MSCI USA ETF,31/08/22,Commercial Services & Supplies — 0.4%,"Rollins, Inc.","37,879","12,78,795","31,53,714",
PABU,iShares Paris-Aligned Climate Optimized MSCI USA ETF,31/08/22,Communications Equipment — 1.5%,"Cisco Systems, Inc.","1,28,231","57,34,490",,
PABU,iShares Paris-Aligned Climate Optimized MSCI USA ETF,31/08/22,Communications Equipment — 1.5%,"Juniper Networks, Inc.","99,112","28,16,763",,
PABU,iShares Paris-Aligned Climate Optimized MSCI USA ETF,31/08/22,Communications Equipment — 1.5%,"Motorola Solutions, Inc.","11,780","28,67,370","1,14,18,623",
PABU,iShares Paris-Aligned Climate Optimized MSCI USA ETF,31/08/22,Consumer Finance — 0.4%,American Express Co.,"15,798","24,01,296",,
PABU,iShares Paris-Aligned Climate Optimized MSCI USA ETF,31/08/22,Consumer Finance — 0.4%,Discover Financial Services,"7,722","7,75,984","31,77,280",
PABU,iShares Paris-Aligned Climate Optimized MSCI USA ETF,31/08/22,Distributors — 0.0%,Pool Corp.,451,"1,52,975","1,52,975",
PABU,iShares Paris-Aligned Climate Optimized MSCI USA ETF,31/08/22,Diversified Financial Services — 0.1%,"Equitable Holdings, Inc.","14,557","4,33,071","4,33,071",
PABU,iShares Paris-Aligned Climate Optimized MSCI USA ETF,31/08/22,Diversified Telecommunication Services — 0.2%,"Verizon Communications, Inc.","32,821","13,72,246","13,72,246",
PABU,iShares Paris-Aligned Climate Optimized MSCI USA ETF,31/08/22,Electrical Equipment — 1.0%,Eaton Corp. PLC,"24,932","34,06,709",,
PABU,iShares Paris-Aligned Climate Optimized MSCI USA ETF,31/08/22,Electrical Equipment — 1.0%,"Generac Holdings, Inc.","3,259","7,18,316",,
PABU,iShares Paris-Aligned Climate Optimized MSCI USA ETF,31/08/22,Electrical Equipment — 1.0%,"Plug Power, Inc.","71,068","19,92,747",,
PABU,iShares Paris-Aligned Climate Optimized MSCI USA ETF,31/08/22,Electrical Equipment — 1.0%,"Rockwell Automation, Inc.","6,264","14,84,192","76,01,964",
PABU,iShares Paris-Aligned Climate Optimized MSCI USA ETF,31/08/22,"Electronic Equipment, Instruments & Components — 1.1%","Amphenol Corp., Class","12,068","8,87,360",,
PABU,iShares Paris-Aligned Climate Optimized MSCI USA ETF,31/08/22,"Electronic Equipment, Instruments & Components — 1.1%",CDW Corp.,"10,926","18,65,068",,
PABU,iShares Paris-Aligned Climate Optimized MSCI USA ETF,31/08/22,"Electronic Equipment, Instruments & Components — 1.1%",Cognex Corp.,"5,568","2,34,469",,
PABU,iShares Paris-Aligned Climate Optimized MSCI USA ETF,31/08/22,"Electronic Equipment, Instruments & Components — 1.1%","Keysight Technologies, Inc.","10,089","16,53,486",,
PABU,iShares Paris-Aligned Climate Optimized MSCI USA ETF,31/08/22,"Electronic Equipment, Instruments & Components — 1.1%",TE Connectivity Ltd.,"3,525","4,44,890",,
PABU,iShares Paris-Aligned Climate Optimized MSCI USA ETF,31/08/22,"Electronic Equipment, Instruments & Components — 1.1%","Teledyne Technologies, Inc.","4,624","17,03,297",,
PABU,iShares Paris-Aligned Climate Optimized MSCI USA ETF,31/08/22,"Electronic Equipment, Instruments & Components — 1.1%","Trimble, Inc.","21,228","13,42,671",,
PABU,iShares Paris-Aligned Climate Optimized MSCI USA ETF,31/08/22,"Electronic Equipment, Instruments & Components — 1.1%","Zebra Technologies Corp., Class","1,110","3,34,820","84,66,061",
PABU,iShares Paris-Aligned Climate Optimized MSCI USA ETF,31/08/22,Entertainment — 1.2%,"Activision Blizzard, Inc.","3,899","3,06,032",,
PABU,iShares Paris-Aligned Climate Optimized MSCI USA ETF,31/08/22,Entertainment — 1.2%,"Liberty Media Corp.-Liberty Formula One, Class, NVS","9,048","5,76,177",,
PABU,iShares Paris-Aligned Climate Optimized MSCI USA ETF,31/08/22,Entertainment — 1.2%,"Live Nation Entertainment, Inc.","6,545","5,91,406",,
PABU,iShares Paris-Aligned Climate Optimized MSCI USA ETF,31/08/22,Entertainment — 1.2%,"Netflix, Inc.","10,710","23,94,328",,
PABU,iShares Paris-Aligned Climate Optimized MSCI USA ETF,31/08/22,Entertainment — 1.2%,"Roku, Inc., Class",980,"66,640",,
PABU,iShares Paris-Aligned Climate Optimized MSCI USA ETF,31/08/22,Entertainment — 1.2%,"Take-Two Interactive Software, Inc.","1,476","1,80,899",,
PABU,iShares Paris-Aligned Climate Optimized MSCI USA ETF,31/08/22,Entertainment — 1.2%,Walt Disney Co. (The),"44,126","49,45,642","90,61,124",
PABU,iShares Paris-Aligned Climate Optimized MSCI USA ETF,31/08/22,Equity Real Estate Investment Trusts (REITs) — 7.3%,"Alexandria Real Estate Equities, Inc.","14,498","22,23,993",,
PABU,iShares Paris-Aligned Climate Optimized MSCI USA ETF,31/08/22,Equity Real Estate Investment Trusts (REITs) — 7.3%,American Tower Corp.,"12,449","31,62,668",,
PABU,iShares Paris-Aligned Climate Optimized MSCI USA ETF,31/08/22,Equity Real Estate Investment Trusts (REITs) — 7.3%,"AvalonBay Communities, Inc.","23,931","48,07,977",,
PABU,iShares Paris-Aligned Climate Optimized MSCI USA ETF,31/08/22,Equity Real Estate Investment Trusts (REITs) — 7.3%,"Boston Properties, Inc.","48,605","38,60,695",,
PABU,iShares Paris-Aligned Climate Optimized MSCI USA ETF,31/08/22,Equity Real Estate Investment Trusts (REITs) — 7.3%,"Crown Castle, Inc.","16,237","27,73,767",,
PABU,iShares Paris-Aligned Climate Optimized MSCI USA ETF,31/08/22,Equity Real Estate Investment Trusts (REITs) — 7.3%,"Digital Realty Trust, Inc.","32,388","40,04,128",,
PABU,iShares Paris-Aligned Climate Optimized MSCI USA ETF,31/08/22,Equity Real Estate Investment Trusts (REITs) — 7.3%,Duke Realty Corp.,"62,209","36,61,000",,
PABU,iShares Paris-Aligned Climate Optimized MSCI USA ETF,31/08/22,Equity Real Estate Investment Trusts (REITs) — 7.3%,"Equinix, Inc.","7,067","46,45,634",,
PABU,iShares Paris-Aligned Climate Optimized MSCI USA ETF,31/08/22,Equity Real Estate Investment Trusts (REITs) — 7.3%,Equity Residential,"16,603","12,15,008",,
PABU,iShares Paris-Aligned Climate Optimized MSCI USA ETF,31/08/22,Equity Real Estate Investment Trusts (REITs) — 7.3%,"Extra Space Storage, Inc.","6,514","12,94,527",,
PABU,iShares Paris-Aligned Climate Optimized MSCI USA ETF,31/08/22,Equity Real Estate Investment Trusts (REITs) — 7.3%,"Healthpeak Properties, Inc.","1,05,776","27,76,620",,
PABU,iShares Paris-Aligned Climate Optimized MSCI USA ETF,31/08/22,Equity Real Estate Investment Trusts (REITs) — 7.3%,"Medical Properties Trust, Inc.","75,568","11,04,049",,
PABU,iShares Paris-Aligned Climate Optimized MSCI USA ETF,31/08/22,Equity Real Estate Investment Trusts (REITs) — 7.3%,"Prologis, Inc.","50,139","62,42,807",,
PABU,iShares Paris-Aligned Climate Optimized MSCI USA ETF,31/08/22,Equity Real Estate Investment Trusts (REITs) — 7.3%,Public Storage,"8,669","28,67,965",,
PABU,iShares Paris-Aligned Climate Optimized MSCI USA ETF,31/08/22,Equity Real Estate Investment Trusts (REITs) — 7.3%,Realty Income Corp.,"49,483","33,78,699",,
PABU,iShares Paris-Aligned Climate Optimized MSCI USA ETF,31/08/22,Equity Real Estate Investment Trusts (REITs) — 7.3%,Regency Centers Corp.,"16,356","9,95,099",,
PABU,iShares Paris-Aligned Climate Optimized MSCI USA ETF,31/08/22,Equity Real Estate Investment Trusts (REITs) — 7.3%,"SBA Communications Corp., Class","3,149","10,24,212",,
PABU,iShares Paris-Aligned Climate Optimized MSCI USA ETF,31/08/22,Equity Real Estate Investment Trusts (REITs) — 7.3%,"Simon Property Group, Inc.","9,744","9,93,693",,
PABU,iShares Paris-Aligned Climate Optimized MSCI USA ETF,31/08/22,Equity Real Estate Investment Trusts (REITs) — 7.3%,"Sun Communities, Inc.",939,"1,44,334",,
PABU,iShares Paris-Aligned Climate Optimized MSCI USA ETF,31/08/22,Equity Real Estate Investment Trusts (REITs) — 7.3%,"Ventas, Inc.","14,366","6,87,557",,
PABU,iShares Paris-Aligned Climate Optimized MSCI USA ETF,31/08/22,Equity Real Estate Investment Trusts (REITs) — 7.3%,Vornado Realty Trust,"68,813","18,04,277",,
PABU,iShares Paris-Aligned Climate Optimized MSCI USA ETF,31/08/22,Equity Real Estate Investment Trusts (REITs) — 7.3%,"Welltower, Inc.","17,749","13,60,461",,
PABU,iShares Paris-Aligned Climate Optimized MSCI USA ETF,31/08/22,Equity Real Estate Investment Trusts (REITs) — 7.3%,"WP Carey, Inc.","4,872","4,09,394","5,54,38,564",
PABU,iShares Paris-Aligned Climate Optimized MSCI USA ETF,31/08/22,Food Products — 0.1%,Hershey Co. (The),"3,132","7,03,666","7,03,666",
PABU,iShares Paris-Aligned Climate Optimized MSCI USA ETF,31/08/22,Health Care Equipment & Supplies — 3.5%,"ABIOMED, Inc.","2,527","6,55,201",,
PABU,iShares Paris-Aligned Climate Optimized MSCI USA ETF,31/08/22,Health Care Equipment & Supplies — 3.5%,"Align Technology, Inc.","1,392","3,39,230",,
PABU,iShares Paris-Aligned Climate Optimized MSCI USA ETF,31/08/22,Health Care Equipment & Supplies — 3.5%,"Baxter International, Inc.","1,392","79,984",,
PABU,iShares Paris-Aligned Climate Optimized MSCI USA ETF,31/08/22,Health Care Equipment & Supplies — 3.5%,Becton Dickinson and Co.,"5,059","12,76,993",,
PABU,iShares Paris-Aligned Climate Optimized MSCI USA ETF,31/08/22,Health Care Equipment & Supplies — 3.5%,Boston Scientific Corp.,"40,258","16,22,800",,
PABU,iShares Paris-Aligned Climate Optimized MSCI USA ETF,31/08/22,Health Care Equipment & Supplies — 3.5%,"Cooper Companies, Inc. (The)","2,784","8,00,233",,
PABU,iShares Paris-Aligned Climate Optimized MSCI USA ETF,31/08/22,Health Care Equipment & Supplies — 3.5%,"Dexcom, Inc.","10,263","8,43,721",,
PABU,iShares Paris-Aligned Climate Optimized MSCI USA ETF,31/08/22,Health Care Equipment & Supplies — 3.5%,Edwards Lifesciences Corp.,"71,896","64,77,830",,
PABU,iShares Paris-Aligned Climate Optimized MSCI USA ETF,31/08/22,Health Care Equipment & Supplies — 3.5%,"Hologic, Inc.","11,742","7,93,290",,
PABU,iShares Paris-Aligned Climate Optimized MSCI USA ETF,31/08/22,Health Care Equipment & Supplies — 3.5%,"IDEXX Laboratories, Inc.","9,352","32,50,942",,
PABU,iShares Paris-Aligned Climate Optimized MSCI USA ETF,31/08/22,Health Care Equipment & Supplies — 3.5%,Insulet Corp.,"1,869","4,77,473",,
PABU,iShares Paris-Aligned Climate Optimized MSCI USA ETF,31/08/22,Health Care Equipment & Supplies — 3.5%,"Intuitive Surgical, Inc.","7,725","15,89,341",,
PABU,iShares Paris-Aligned Climate Optimized MSCI USA ETF,31/08/22,Health Care Equipment & Supplies — 3.5%,Masimo Corp.,"1,281","1,88,166",,
PABU,iShares Paris-Aligned Climate Optimized MSCI USA ETF,31/08/22,Health Care Equipment & Supplies — 3.5%,Medtronic PLC,"39,179","34,44,618",,
PABU,iShares Paris-Aligned Climate Optimized MSCI USA ETF,31/08/22,Health Care Equipment & Supplies — 3.5%,Novocure Ltd.,"1,856","1,52,433",,
PABU,iShares Paris-Aligned Climate Optimized MSCI USA ETF,31/08/22,Health Care Equipment & Supplies — 3.5%,"ResMed, Inc.","6,591","14,49,493",,
PABU,iShares Paris-Aligned Climate Optimized MSCI USA ETF,31/08/22,Health Care Equipment & Supplies — 3.5%,Stryker Corp.,"9,907","20,32,916",,
PABU,iShares Paris-Aligned Climate Optimized MSCI USA ETF,31/08/22,Health Care Equipment & Supplies — 3.5%,"Teleflex, Inc.","2,088","4,72,431",,
PABU,iShares Paris-Aligned Climate Optimized MSCI USA ETF,31/08/22,Health Care Equipment & Supplies — 3.5%,"Zimmer Biomet Holdings, Inc.","7,356","7,82,090","2,67,29,185",
PABU,iShares Paris-Aligned Climate Optimized MSCI USA ETF,31/08/22,Health Care Providers & Services — 2.1%,"Elevance Health, Inc.","6,183","29,99,435",,
PABU,iShares Paris-Aligned Climate Optimized MSCI USA ETF,31/08/22,Health Care Providers & Services — 2.1%,"Humana, Inc.","3,578","17,23,809",,
PABU,iShares Paris-Aligned Climate Optimized MSCI USA ETF,31/08/22,Health Care Providers & Services — 2.1%,Laboratory Corp. America Holdings,918,"2,06,798",,
PABU,iShares Paris-Aligned Climate Optimized MSCI USA ETF,31/08/22,Health Care Providers & Services — 2.1%,"Molina Healthcare, Inc.",451,"1,52,154",,
PABU,iShares Paris-Aligned Climate Optimized MSCI USA ETF,31/08/22,Health Care Providers & Services — 2.1%,"Quest Diagnostics, Inc.","2,128","2,66,660",,
PABU,iShares Paris-Aligned Climate Optimized MSCI USA ETF,31/08/22,Health Care Providers & Services — 2.1%,"UnitedHealth Group, Inc.","20,447","1,06,18,740","1,59,67,596",
PABU,iShares Paris-Aligned Climate Optimized MSCI USA ETF,31/08/22,Health Care Technology — 0.1%,"Teladoc Health, Inc.","2,342","72,742",,
PABU,iShares Paris-Aligned Climate Optimized MSCI USA ETF,31/08/22,Health Care Technology — 0.1%,"Veeva Systems, Inc., Class","3,724","7,42,268","8,15,010",
PABU,iShares Paris-Aligned Climate Optimized MSCI USA ETF,31/08/22,"Hotels, Restaurants & Leisure — 2.3%","Booking Holdings, Inc.",632,"11,85,512",,
PABU,iShares Paris-Aligned Climate Optimized MSCI USA ETF,31/08/22,"Hotels, Restaurants & Leisure — 2.3%","Caesars Entertainment, Inc.","4,176","1,80,069",,
PABU,iShares Paris-Aligned Climate Optimized MSCI USA ETF,31/08/22,"Hotels, Restaurants & Leisure — 2.3%","Chipotle Mexican Grill, Inc.",480,"7,66,464",,
PABU,iShares Paris-Aligned Climate Optimized MSCI USA ETF,31/08/22,"Hotels, Restaurants & Leisure — 2.3%","Hilton Worldwide Holdings, Inc.","2,481","3,15,980",,
PABU,iShares Paris-Aligned Climate Optimized MSCI USA ETF,31/08/22,"Hotels, Restaurants & Leisure — 2.3%","Marriott International, Inc., Class","1,909","2,93,490",,
PABU,iShares Paris-Aligned Climate Optimized MSCI USA ETF,31/08/22,"Hotels, Restaurants & Leisure — 2.3%",McDonald's Corp.,"40,957","1,03,32,632",,
PABU,iShares Paris-Aligned Climate Optimized MSCI USA ETF,31/08/22,"Hotels, Restaurants & Leisure — 2.3%",Starbucks Corp.,"33,394","28,07,434",,
PABU,iShares Paris-Aligned Climate Optimized MSCI USA ETF,31/08/22,"Hotels, Restaurants & Leisure — 2.3%","Vail Resorts, Inc.",327,"73,470",,
PABU,iShares Paris-Aligned Climate Optimized MSCI USA ETF,31/08/22,"Hotels, Restaurants & Leisure — 2.3%",Wynn Resorts Ltd.,"2,436","1,47,597",,
PABU,iShares Paris-Aligned Climate Optimized MSCI USA ETF,31/08/22,"Hotels, Restaurants & Leisure — 2.3%","Yum! Brands, Inc.","14,316","15,92,512","1,76,95,160",
PABU,iShares Paris-Aligned Climate Optimized MSCI USA ETF,31/08/22,Household Durables — 0.3%,"DR Horton, Inc.","4,254","3,02,672",,
PABU,iShares Paris-Aligned Climate Optimized MSCI USA ETF,31/08/22,Household Durables — 0.3%,Garmin Ltd.,"13,510","11,95,500",,
PABU,iShares Paris-Aligned Climate Optimized MSCI USA ETF,31/08/22,Household Durables — 0.3%,"NVR, Inc.",207,"8,56,992","23,55,164",
PABU,iShares Paris-Aligned Climate Optimized MSCI USA ETF,31/08/22,Household Products — 0.3%,"Church & Dwight Co., Inc.","6,612","5,53,490",,
PABU,iShares Paris-Aligned Climate Optimized MSCI USA ETF,31/08/22,Household Products — 0.3%,Clorox Co. (The),"1,433","2,06,839",,
PABU,iShares Paris-Aligned Climate Optimized MSCI USA ETF,31/08/22,Household Products — 0.3%,Colgate-Palmolive Co.,"23,217","18,15,802","25,76,131",
PABU,iShares Paris-Aligned Climate Optimized MSCI USA ETF,31/08/22,Industrial Conglomerates — 0.7%,General Electric Co.,"69,025","50,69,196","50,69,196",
PABU,iShares Paris-Aligned Climate Optimized MSCI USA ETF,31/08/22,Insurance — 3.8%,"Aflac, Inc.","58,976","35,04,354",,
PABU,iShares Paris-Aligned Climate Optimized MSCI USA ETF,31/08/22,Insurance — 3.8%,Alleghany Corp.,"2,356","19,81,820",,
PABU,iShares Paris-Aligned Climate Optimized MSCI USA ETF,31/08/22,Insurance — 3.8%,Allstate Corp. (The),"9,263","11,16,192",,
PABU,iShares Paris-Aligned Climate Optimized MSCI USA ETF,31/08/22,Insurance — 3.8%,"American Financial Group, Inc.","16,172","20,64,841",,
PABU,iShares Paris-Aligned Climate Optimized MSCI USA ETF,31/08/22,Insurance — 3.8%,"Aon PLC, Class","5,828","16,27,527",,
PABU,iShares Paris-Aligned Climate Optimized MSCI USA ETF,31/08/22,Insurance — 3.8%,Arch Capital Group Ltd.,"29,004","13,26,063",,
PABU,iShares Paris-Aligned Climate Optimized MSCI USA ETF,31/08/22,Insurance — 3.8%,Arthur J Gallagher & Co.,"2,198","3,99,091",,
PABU,iShares Paris-Aligned Climate Optimized MSCI USA ETF,31/08/22,Insurance — 3.8%,"Assurant, Inc.","5,272","8,35,559",,
PABU,iShares Paris-Aligned Climate Optimized MSCI USA ETF,31/08/22,Insurance — 3.8%,"Brown & Brown, Inc.","21,799","13,74,209",,
PABU,iShares Paris-Aligned Climate Optimized MSCI USA ETF,31/08/22,Insurance — 3.8%,Chubb Ltd.,"15,448","29,20,444",,
PABU,iShares Paris-Aligned Climate Optimized MSCI USA ETF,31/08/22,Insurance — 3.8%,Cincinnati Financial Corp.,"10,651","10,32,721",,
PABU,iShares Paris-Aligned Climate Optimized MSCI USA ETF,31/08/22,Insurance — 3.8%,"Erie Indemnity Co., Class, NVS","2,475","5,31,952",,
PABU,iShares Paris-Aligned Climate Optimized MSCI USA ETF,31/08/22,Insurance — 3.8%,"Globe Life, Inc.","5,130","4,98,585",,
PABU,iShares Paris-Aligned Climate Optimized MSCI USA ETF,31/08/22,Insurance — 3.8%,"Hartford Financial Services Group, Inc. (The)","17,748","11,41,374",,
PABU,iShares Paris-Aligned Climate Optimized MSCI USA ETF,31/08/22,Insurance — 3.8%,Markel Corp.,"1,085","12,95,609",,
PABU,iShares Paris-Aligned Climate Optimized MSCI USA ETF,31/08/22,Insurance — 3.8%,"Marsh & McLennan Companies, Inc.","16,485","26,60,184",,
PABU,iShares Paris-Aligned Climate Optimized MSCI USA ETF,31/08/22,Insurance — 3.8%,"MetLife, Inc.","21,576","13,87,984",,
PABU,iShares Paris-Aligned Climate Optimized MSCI USA ETF,31/08/22,Insurance — 3.8%,Progressive Corp. (The),"16,326","20,02,384",,
PABU,iShares Paris-Aligned Climate Optimized MSCI USA ETF,31/08/22,Insurance — 3.8%,Willis Towers Watson PLC,"5,007","10,35,598","2,87,36,491",
PABU,iShares Paris-Aligned Climate Optimized MSCI USA ETF,31/08/22,Interactive Media & Services — 4.5%,"Alphabet, Inc., Class","58,960","63,80,651",,
PABU,iShares Paris-Aligned Climate Optimized MSCI USA ETF,31/08/22,Interactive Media & Services — 4.5%,"Alphabet, Inc., Class, NVS","1,51,560","1,65,42,774",,
PABU,iShares Paris-Aligned Climate Optimized MSCI USA ETF,31/08/22,Interactive Media & Services — 4.5%,"IAC, Inc.","2,088","1,34,196",,
PABU,iShares Paris-Aligned Climate Optimized MSCI USA ETF,31/08/22,Interactive Media & Services — 4.5%,"Match Group, Inc.","6,889","3,89,435",,
PABU,iShares Paris-Aligned Climate Optimized MSCI USA ETF,31/08/22,Interactive Media & Services — 4.5%,"Meta Platforms, Inc., Class","56,156","91,49,497",,
PABU,iShares Paris-Aligned Climate Optimized MSCI USA ETF,31/08/22,Interactive Media & Services — 4.5%,"Pinterest, Inc., Class A","8,011","1,84,574",,
PABU,iShares Paris-Aligned Climate Optimized MSCI USA ETF,31/08/22,Interactive Media & Services — 4.5%,"Snap, Inc., Class, NVS","17,748","1,93,098",,
PABU,iShares Paris-Aligned Climate Optimized MSCI USA ETF,31/08/22,Interactive Media & Services — 4.5%,"Twitter, Inc.","23,664","9,16,980","3,38,91,205",
PABU,iShares Paris-Aligned Climate Optimized MSCI USA ETF,31/08/22,Internet & Direct Marketing Retail — 3.8%,"Amazon.com, Inc.","1,99,387","2,52,76,290",,
PABU,iShares Paris-Aligned Climate Optimized MSCI USA ETF,31/08/22,Internet & Direct Marketing Retail — 3.8%,"eBay, Inc.","30,657","13,52,893",,
PABU,iShares Paris-Aligned Climate Optimized MSCI USA ETF,31/08/22,Internet & Direct Marketing Retail — 3.8%,"Etsy, Inc.","8,004","8,45,303",,
PABU,iShares Paris-Aligned Climate Optimized MSCI USA ETF,31/08/22,Internet & Direct Marketing Retail — 3.8%,"MercadoLibre, Inc.","1,691","14,46,414",,
PABU,iShares Paris-Aligned Climate Optimized MSCI USA ETF,31/08/22,Internet & Direct Marketing Retail — 3.8%,"Wayfair, Inc., Class A","1,740","91,715","2,90,12,615",
PABU,iShares Paris-Aligned Climate Optimized MSCI USA ETF,31/08/22,IT Services — 4.1%,"Accenture PLC, Class A","12,169","35,10,270",,
PABU,iShares Paris-Aligned Climate Optimized MSCI USA ETF,31/08/22,IT Services — 4.1%,"Automatic Data Processing, Inc.","11,144","27,23,705",,
PABU,iShares Paris-Aligned Climate Optimized MSCI USA ETF,31/08/22,IT Services — 4.1%,"Fidelity National Information Services, Inc.","6,459","5,90,159",,
PABU,iShares Paris-Aligned Climate Optimized MSCI USA ETF,31/08/22,IT Services — 4.1%,"Fiserv, Inc.","17,297","17,50,283",,
PABU,iShares Paris-Aligned Climate Optimized MSCI USA ETF,31/08/22,IT Services — 4.1%,"FleetCor Technologies, Inc.","3,029","6,43,753",,
PABU,iShares Paris-Aligned Climate Optimized MSCI USA ETF,31/08/22,IT Services — 4.1%,"Gartner, Inc.",517,"1,47,511",,
PABU,iShares Paris-Aligned Climate Optimized MSCI USA ETF,31/08/22,IT Services — 4.1%,"Global Payments, Inc.","6,568","8,15,943",,
PABU,iShares Paris-Aligned Climate Optimized MSCI USA ETF,31/08/22,IT Services — 4.1%,"Jack Henry & Associates, Inc.",739,"1,42,036",,
PABU,iShares Paris-Aligned Climate Optimized MSCI USA ETF,31/08/22,IT Services — 4.1%,"Mastercard, Inc., Class","18,029","58,48,067",,
PABU,iShares Paris-Aligned Climate Optimized MSCI USA ETF,31/08/22,IT Services — 4.1%,"Okta, Inc., Class","1,810","1,65,434",,
PABU,iShares Paris-Aligned Climate Optimized MSCI USA ETF,31/08/22,IT Services — 4.1%,"Paychex, Inc.","19,257","23,75,158",,
PABU,iShares Paris-Aligned Climate Optimized MSCI USA ETF,31/08/22,IT Services — 4.1%,"PayPal Holdings, Inc.","21,535","20,12,230",,
PABU,iShares Paris-Aligned Climate Optimized MSCI USA ETF,31/08/22,IT Services — 4.1%,"Snowflake, Inc., Class",509,"92,104",,
PABU,iShares Paris-Aligned Climate Optimized MSCI USA ETF,31/08/22,IT Services — 4.1%,"SS&C Technologies Holdings, Inc.","1,158","64,570",,
PABU,iShares Paris-Aligned Climate Optimized MSCI USA ETF,31/08/22,IT Services — 4.1%,"VeriSign, Inc.","5,220","9,51,188",,
PABU,iShares Paris-Aligned Climate Optimized MSCI USA ETF,31/08/22,IT Services — 4.1%,"Visa, Inc., Class","45,011","89,44,136","3,07,76,547",
PABU,iShares Paris-Aligned Climate Optimized MSCI USA ETF,31/08/22,Leisure Products — 0.1%,"Hasbro, Inc.","6,032","4,75,442","4,75,442",
PABU,iShares Paris-Aligned Climate Optimized MSCI USA ETF,31/08/22,Life Sciences Tools & Services — 2.8%,"Avantor, Inc.","3,828","95,355",,
PABU,iShares Paris-Aligned Climate Optimized MSCI USA ETF,31/08/22,Life Sciences Tools & Services — 2.8%,"Bio-Rad Laboratories, Inc., Class","1,206","5,84,958",,
PABU,iShares Paris-Aligned Climate Optimized MSCI USA ETF,31/08/22,Life Sciences Tools & Services — 2.8%,Bio-Techne Corp.,"8,099","26,87,329",,
PABU,iShares Paris-Aligned Climate Optimized MSCI USA ETF,31/08/22,Life Sciences Tools & Services — 2.8%,Danaher Corp.,"15,451","41,70,379",,
PABU,iShares Paris-Aligned Climate Optimized MSCI USA ETF,31/08/22,Life Sciences Tools & Services — 2.8%,"Illumina, Inc.","6,729","13,56,836",,
PABU,iShares Paris-Aligned Climate Optimized MSCI USA ETF,31/08/22,Life Sciences Tools & Services — 2.8%,"IQVIA Holdings, Inc.",951,"2,02,240",,
PABU,iShares Paris-Aligned Climate Optimized MSCI USA ETF,31/08/22,Life Sciences Tools & Services — 2.8%,"Mettler-Toledo International, Inc.","1,749","21,20,593",,
PABU,iShares Paris-Aligned Climate Optimized MSCI USA ETF,31/08/22,Life Sciences Tools & Services — 2.8%,"PerkinElmer, Inc.","12,967","17,51,323",,
PABU,iShares Paris-Aligned Climate Optimized MSCI USA ETF,31/08/22,Life Sciences Tools & Services — 2.8%,"Thermo Fisher Scientific, Inc.","11,084","60,44,327",,
PABU,iShares Paris-Aligned Climate Optimized MSCI USA ETF,31/08/22,Life Sciences Tools & Services — 2.8%,Waters Corp.,260,"77,636",,
PABU,iShares Paris-Aligned Climate Optimized MSCI USA ETF,31/08/22,Life Sciences Tools & Services — 2.8%,"West Pharmaceutical Services, Inc.","6,273","18,61,136","2,09,52,112",
PABU,iShares Paris-Aligned Climate Optimized MSCI USA ETF,31/08/22,Machinery — 1.9%,Deere & Co.,572,"2,08,923",,
PABU,iShares Paris-Aligned Climate Optimized MSCI USA ETF,31/08/22,Machinery — 1.9%,Fortive Corp.,"19,380","12,27,335",,
PABU,iShares Paris-Aligned Climate Optimized MSCI USA ETF,31/08/22,Machinery — 1.9%,IDEX Corp.,"6,142","12,35,832",,
PABU,iShares Paris-Aligned Climate Optimized MSCI USA ETF,31/08/22,Machinery — 1.9%,"Illinois Tool Works, Inc.","13,053","25,43,116",,
PABU,iShares Paris-Aligned Climate Optimized MSCI USA ETF,31/08/22,Machinery — 1.9%,"Ingersoll Rand, Inc.","14,268","6,75,875",,
PABU,iShares Paris-Aligned Climate Optimized MSCI USA ETF,31/08/22,Machinery — 1.9%,Pentair PLC,"25,058","11,15,081",,
PABU,iShares Paris-Aligned Climate Optimized MSCI USA ETF,31/08/22,Machinery — 1.9%,"Stanley Black & Decker, Inc.","3,776","3,32,666",,
PABU,iShares Paris-Aligned Climate Optimized MSCI USA ETF,31/08/22,Machinery — 1.9%,Westinghouse Air Brake Technologies Corp.,"1,740","1,52,511",,
PABU,iShares Paris-Aligned Climate Optimized MSCI USA ETF,31/08/22,Machinery — 1.9%,"Xylem, Inc.","76,010","69,24,511","1,44,15,850",
PABU,iShares Paris-Aligned Climate Optimized MSCI USA ETF,31/08/22,Media — 1.1%,"Cable One, Inc.",156,"1,77,060",,
PABU,iShares Paris-Aligned Climate Optimized MSCI USA ETF,31/08/22,Media — 1.1%,"Charter Communications, Inc., Class","3,733","15,40,348",,
PABU,iShares Paris-Aligned Climate Optimized MSCI USA ETF,31/08/22,Media — 1.1%,"Comcast Corp., Class","60,271","21,81,208",,
PABU,iShares Paris-Aligned Climate Optimized MSCI USA ETF,31/08/22,Media — 1.1%,"Fox Corp., Class, NVS","6,960","2,37,893",,
PABU,iShares Paris-Aligned Climate Optimized MSCI USA ETF,31/08/22,Media — 1.1%,"Fox Corp., Class","11,136","3,52,120",,
PABU,iShares Paris-Aligned Climate Optimized MSCI USA ETF,31/08/22,Media — 1.1%,"Liberty Broadband Corp., Class, NVS","21,150","21,50,955",,
PABU,iShares Paris-Aligned Climate Optimized MSCI USA ETF,31/08/22,Media — 1.1%,"Liberty Media Corp.-Liberty SiriusXM, Class, NVS.","11,832","2,76,750",,
PABU,iShares Paris-Aligned Climate Optimized MSCI USA ETF,31/08/23,Media — 1.1%," Paramount Global, Class, NVS","21,454","8,87,337",,
PABU,iShares Paris-Aligned Climate Optimized MSCI USA ETF,31/08/22,Media — 1.1%,"Sirius XM Holdings, Inc.","1,15,186","7,01,483","85,05,154",
PABU,iShares Paris-Aligned Climate Optimized MSCI USA ETF,31/08/22,Mortgage Real Estate Investment — 0.1%,"Annaly Capital Management, Inc.","87,655","5,65,375","5,65,375",
PABU,iShares Paris-Aligned Climate Optimized MSCI USA ETF,31/08/22,Multiline Retail — 0.2%,Dollar General Corp.,"7,633","18,12,227","18,12,227",
PABU,iShares Paris-Aligned Climate Optimized MSCI USA ETF,31/08/22,Personal Products — 0.1%,"Estee Lauder Companies, Inc. (The), Class","2,530","6,43,581","6,43,581",
PABU,iShares Paris-Aligned Climate Optimized MSCI USA ETF,31/08/22,Pharmaceuticals — 6.3%,Bristol-Myers Squibb Co.,"57,172","38,53,965",,
PABU,iShares Paris-Aligned Climate Optimized MSCI USA ETF,31/08/22,Pharmaceuticals — 6.3%,"Catalent, Inc.","7,372","6,48,736",,
PABU,iShares Paris-Aligned Climate Optimized MSCI USA ETF,31/08/22,Pharmaceuticals — 6.3%,"Elanco Animal Health, Inc.","28,188","4,26,485",,
PABU,iShares Paris-Aligned Climate Optimized MSCI USA ETF,31/08/22,Pharmaceuticals — 6.3%,Eli Lilly & Co.,"27,025","81,40,741",,
PABU,iShares Paris-Aligned Climate Optimized MSCI USA ETF,31/08/22,Pharmaceuticals — 6.3%,Jazz Pharmaceuticals PLC,"5,714","8,86,927",,
PABU,iShares Paris-Aligned Climate Optimized MSCI USA ETF,31/08/22,Pharmaceuticals — 6.3%,Johnson & Johnson,"53,363","86,09,586",,
PABU,iShares Paris-Aligned Climate Optimized MSCI USA ETF,31/08/22,Pharmaceuticals — 6.3%,"Merck & Co., Inc.","75,208","64,19,755",,
PABU,iShares Paris-Aligned Climate Optimized MSCI USA ETF,31/08/22,Pharmaceuticals — 6.3%,"Pfizer, Inc.","1,56,913","70,97,175",,
PABU,iShares Paris-Aligned Climate Optimized MSCI USA ETF,31/08/22,Pharmaceuticals — 6.3%,"Royalty Pharma PLC, Class","59,741","24,97,771",,
PABU,iShares Paris-Aligned Climate Optimized MSCI USA ETF,31/08/22,Pharmaceuticals — 6.3%,"Zoetis, Inc., Class","58,614","91,74,849","4,77,55,990",
PABU,iShares Paris-Aligned Climate Optimized MSCI USA ETF,31/08/22,Professional Services — 0.5%,"Booz Allen Hamilton Holding Corp., Class","3,828","3,66,339",,
PABU,iShares Paris-Aligned Climate Optimized MSCI USA ETF,31/08/22,Professional Services — 0.5%,"CoStar Group, Inc.","12,273","8,54,692",,
PABU,iShares Paris-Aligned Climate Optimized MSCI USA ETF,31/08/22,Professional Services — 0.5%,"Equifax, Inc.","4,205","7,93,694",,
PABU,iShares Paris-Aligned Climate Optimized MSCI USA ETF,31/08/22,Professional Services — 0.5%,"Robert Half International, Inc.","4,056","3,12,190",,
PABU,iShares Paris-Aligned Climate Optimized MSCI USA ETF,31/08/22,Professional Services — 0.5%,"Verisk Analytics, Inc.","5,854","10,95,635","34,22,550",
PABU,iShares Paris-Aligned Climate Optimized MSCI USA ETF,31/08/22,Real Estate Management & Development — 0.3%,"CBRE Group, Inc., Class","23,036","18,18,923",,
PABU,iShares Paris-Aligned Climate Optimized MSCI USA ETF,31/08/22,Real Estate Management & Development — 0.3%,"Zillow Group, Inc., Class, NVS","2,313","77,393","18,96,316",
PABU,iShares Paris-Aligned Climate Optimized MSCI USA ETF,31/08/22,Road & Rail — 0.5%,AMERCO,"2,394","12,58,454",,
PABU,iShares Paris-Aligned Climate Optimized MSCI USA ETF,31/08/22,Road & Rail — 0.5%,"Lyft, Inc., Class","3,891","57,314",,
PABU,iShares Paris-Aligned Climate Optimized MSCI USA ETF,31/08/22,Road & Rail — 0.5%,"Old Dominion Freight Line, Inc.","5,219","14,16,489",,
PABU,iShares Paris-Aligned Climate Optimized MSCI USA ETF,31/08/22,Road & Rail — 0.5%,"Uber Technologies, Inc.","31,304","9,00,303","36,32,560",
PABU,iShares Paris-Aligned Climate Optimized MSCI USA ETF,31/08/22,Semiconductors & Semiconductor Equipment — 7.1%,"Advanced Micro Devices, Inc.","36,125","30,65,929",,
PABU,iShares Paris-Aligned Climate Optimized MSCI USA ETF,31/08/22,Semiconductors & Semiconductor Equipment — 7.1%,"Analog Devices, Inc.","32,287","48,92,449",,
PABU,iShares Paris-Aligned Climate Optimized MSCI USA ETF,31/08/22,Semiconductors & Semiconductor Equipment — 7.1%,"Applied Materials, Inc.","9,334","8,78,049",,
PABU,iShares Paris-Aligned Climate Optimized MSCI USA ETF,31/08/22,Semiconductors & Semiconductor Equipment — 7.1%,"Broadcom, Inc.","2,327","11,61,429",,
PABU,iShares Paris-Aligned Climate Optimized MSCI USA ETF,31/08/22,Semiconductors & Semiconductor Equipment — 7.1%,"Enphase Energy, Inc.","41,183","1,17,96,459",,
PABU,iShares Paris-Aligned Climate Optimized MSCI USA ETF,31/08/22,Semiconductors & Semiconductor Equipment — 7.1%,Intel Corp.,"88,598","28,28,048",,
PABU,iShares Paris-Aligned Climate Optimized MSCI USA ETF,31/08/22,Semiconductors & Semiconductor Equipment — 7.1%,KLA Corp.,"3,365","11,57,997",,
PABU,iShares Paris-Aligned Climate Optimized MSCI USA ETF,31/08/22,Semiconductors & Semiconductor Equipment — 7.1%,"Marvell Technology, Inc.","44,844","20,99,596",,
PABU,iShares Paris-Aligned Climate Optimized MSCI USA ETF,31/08/22,Semiconductors & Semiconductor Equipment — 7.1%,NVIDIA Corp.,"68,365","1,03,19,013",,
PABU,iShares Paris-Aligned Climate Optimized MSCI USA ETF,31/08/22,Semiconductors & Semiconductor Equipment — 7.1%,"QUALCOMM, Inc.","31,565","41,75,103",,
PABU,iShares Paris-Aligned Climate Optimized MSCI USA ETF,31/08/22,Semiconductors & Semiconductor Equipment — 7.1%,"Skyworks Solutions, Inc.","3,301","3,25,314",,
PABU,iShares Paris-Aligned Climate Optimized MSCI USA ETF,31/08/22,Semiconductors & Semiconductor Equipment — 7.1%,"SolarEdge Technologies, Inc.","19,323","53,32,568",,
PABU,iShares Paris-Aligned Climate Optimized MSCI USA ETF,31/08/22,Semiconductors & Semiconductor Equipment — 7.1%,"Texas Instruments, Inc.","35,548","58,72,885","5,39,04,839",
PABU,iShares Paris-Aligned Climate Optimized MSCI USA ETF,31/08/22,Software — 11.0%,"Adobe, Inc.","17,418","65,04,578",,
PABU,iShares Paris-Aligned Climate Optimized MSCI USA ETF,31/08/22,Software — 11.0%,"ANSYS, Inc.","1,823","4,52,651",,
PABU,iShares Paris-Aligned Climate Optimized MSCI USA ETF,31/08/22,Software — 11.0%,"Autodesk, Inc.","4,872","9,82,877",,
PABU,iShares Paris-Aligned Climate Optimized MSCI USA ETF,31/08/22,Software — 11.0%,"Citrix Systems, Inc.","40,160","41,27,243",,
PABU,iShares Paris-Aligned Climate Optimized MSCI USA ETF,31/08/22,Software — 11.0%,"Fortinet, Inc.","15,995","7,78,797",,
PABU,iShares Paris-Aligned Climate Optimized MSCI USA ETF,31/08/22,Software — 11.0%,"Intuit, Inc.","12,249","52,88,873",,
PABU,iShares Paris-Aligned Climate Optimized MSCI USA ETF,31/08/22,Software — 11.0%,Microsoft Corp.,"1,80,792","4,72,71,684",,
PABU,iShares Paris-Aligned Climate Optimized MSCI USA ETF,31/08/22,Software — 11.0%,Oracle Corp.,"44,373","32,90,258",,
PABU,iShares Paris-Aligned Climate Optimized MSCI USA ETF,31/08/22,Software — 11.0%,"Palo Alto Networks, Inc.","2,465","13,72,537",,
PABU,iShares Paris-Aligned Climate Optimized MSCI USA ETF,31/08/22,Software — 11.0%,"Paycom Software, Inc.",348,"1,22,218",,
PABU,iShares Paris-Aligned Climate Optimized MSCI USA ETF,31/08/22,Software — 11.0%,"RingCentral, Inc., Class","4,095","1,76,249",,
PABU,iShares Paris-Aligned Climate Optimized MSCI USA ETF,31/08/22,Software — 11.0%,"Roper Technologies, Inc.","3,160","12,72,153",,
PABU,iShares Paris-Aligned Climate Optimized MSCI USA ETF,31/08/22,Software — 11.0%,"Salesforce, Inc.","23,690","36,98,483",,
PABU,iShares Paris-Aligned Climate Optimized MSCI USA ETF,31/08/22,Software — 11.0%,"ServiceNow, Inc.","13,281","57,72,188",,
PABU,iShares Paris-Aligned Climate Optimized MSCI USA ETF,31/08/22,Software — 11.0%,"Splunk, Inc.","4,809","4,32,954",,
PABU,iShares Paris-Aligned Climate Optimized MSCI USA ETF,31/08/22,Software — 11.0%,"Trade Desk, Inc. (The), Class","7,046","4,41,784",,
PABU,iShares Paris-Aligned Climate Optimized MSCI USA ETF,31/08/22,Software — 11.0%,"Tyler Technologies, Inc.",825,"3,06,496",,
PABU,iShares Paris-Aligned Climate Optimized MSCI USA ETF,31/08/22,Software — 11.0%,"Workday, Inc., Class","3,168","5,21,326",,
PABU,iShares Paris-Aligned Climate Optimized MSCI USA ETF,31/08/22,Software — 11.0%,"Zoom Video Communications, Inc., Class","5,568","4,47,667","8,32,61,016",
PABU,iShares Paris-Aligned Climate Optimized MSCI USA ETF,31/08/22,Specialty Retail — 2.0%,"Burlington Stores, Inc.","2,681","3,75,849",,
PABU,iShares Paris-Aligned Climate Optimized MSCI USA ETF,31/08/22,Specialty Retail — 2.0%,"Home Depot, Inc. (The)","25,297","72,96,161",,
PABU,iShares Paris-Aligned Climate Optimized MSCI USA ETF,31/08/22,Specialty Retail — 2.0%,"Lowe's Companies, Inc.","17,748","34,45,597",,
PABU,iShares Paris-Aligned Climate Optimized MSCI USA ETF,31/08/22,Specialty Retail — 2.0%,"Ross Stores, Inc.","11,543","9,95,814",,
PABU,iShares Paris-Aligned Climate Optimized MSCI USA ETF,31/08/22,Specialty Retail — 2.0%,"TJX Companies, Inc. (The)","38,066","23,73,415",,
PABU,iShares Paris-Aligned Climate Optimized MSCI USA ETF,31/08/22,Specialty Retail — 2.0%,"Ulta Beauty, Inc.","2,102","8,82,567","1,53,69,403",
PABU,iShares Paris-Aligned Climate Optimized MSCI USA ETF,31/08/22,"Technology Hardware, Storage & Peripherals — 8.4%","Apple, Inc.","4,04,764","6,36,36,996","6,36,36,996",
PABU,iShares Paris-Aligned Climate Optimized MSCI USA ETF,31/08/22,"Textiles, Apparel & Luxury Goods — 0.5%","Lululemon Athletica, Inc.","8,133","24,39,574",,
PABU,iShares Paris-Aligned Climate Optimized MSCI USA ETF,31/08/22,"Textiles, Apparel & Luxury Goods — 0.5%","Nike, Inc., Class","10,440","11,11,338",,
PABU,iShares Paris-Aligned Climate Optimized MSCI USA ETF,31/08/22,"Textiles, Apparel & Luxury Goods — 0.5%",VF Corp.,"10,195","4,22,583","39,73,495",
PABU,iShares Paris-Aligned Climate Optimized MSCI USA ETF,31/08/22,Trading Companies & Distributors — 0.3%,Fastenal Co.,"33,672","16,94,712",,
PABU,iShares Paris-Aligned Climate Optimized MSCI USA ETF,31/08/22,Trading Companies & Distributors — 0.3%,"WW Grainger, Inc.",751,"4,16,760","21,11,472",
PABU,iShares Paris-Aligned Climate Optimized MSCI USA ETF,31/08/22,Wireless Telecommunication Services — 0.1%,"T-Mobile U.S., Inc.","5,270","7,58,669","7,58,669","75,47,90,218"