etf_ticker,etf_name,date,sector,security,shares,value,total_value,total_overall_value
XVV,iShares ESG Screened S&P 500 ETF,30/09/20,Aerospace & Defense — 0.2%,Howmet Aerospace Inc.,80,"1,338",,
XVV,iShares ESG Screened S&P 500 ETF,30/09/20,Aerospace & Defense — 0.2%,Teledyne Technologies Inc.,8,"2,482",,
XVV,iShares ESG Screened S&P 500 ETF,30/09/20,Aerospace & Defense — 0.2%,TransDigm Group Inc.,12,"5,701","9,521",
XVV,iShares ESG Screened S&P 500 ETF,30/09/20,Air Freight & Logistics — 0.8%,CH Robinson Worldwide Inc.,28,"2,861",,
XVV,iShares ESG Screened S&P 500 ETF,30/09/20,Air Freight & Logistics — 0.8%,Expeditors International of Washington Inc.,32,"2,897",,
XVV,iShares ESG Screened S&P 500 ETF,30/09/20,Air Freight & Logistics — 0.8%,FedEx Corp.,48,"12,073",,
XVV,iShares ESG Screened S&P 500 ETF,30/09/20,Air Freight & Logistics — 0.8%,"United Parcel Service Inc., Class B",143,"23,828","41,659",
XVV,iShares ESG Screened S&P 500 ETF,30/09/20,Airlines — 0.2%,Alaska Air Group Inc.,24,879,,
XVV,iShares ESG Screened S&P 500 ETF,30/09/20,Airlines — 0.2%,American Airlines Group Inc.,100,"1,229",,
XVV,iShares ESG Screened S&P 500 ETF,30/09/20,Airlines — 0.2%,Delta Air Lines Inc.,128,"3,914",,
XVV,iShares ESG Screened S&P 500 ETF,30/09/20,Airlines — 0.2%,Southwest Airlines Co.,116,"4,350",,
XVV,iShares ESG Screened S&P 500 ETF,30/09/20,Airlines — 0.2%,United Airlines Holdings Inc.,60,"2,085","12,457",
XVV,iShares ESG Screened S&P 500 ETF,30/09/20,Auto Components — 0.1%,Aptiv PLC,55,"5,042",,
XVV,iShares ESG Screened S&P 500 ETF,30/09/20,Auto Components — 0.1%,BorgWarner Inc.,40,"1,550","6,592",
XVV,iShares ESG Screened S&P 500 ETF,30/09/20,Automobiles — 0.2%,Ford Motor Co.,780,"5,195",,
XVV,iShares ESG Screened S&P 500 ETF,30/09/20,Automobiles — 0.2%,General Motors Co.,252,"7,457","12,652",
XVV,iShares ESG Screened S&P 500 ETF,30/09/20,Banks — 3.3%,Bank of America Corp.,"1,541","37,123",,
XVV,iShares ESG Screened S&P 500 ETF,30/09/20,Banks — 3.3%,Citigroup Inc.,421,"18,149",,
XVV,iShares ESG Screened S&P 500 ETF,30/09/20,Banks — 3.3%,Citizens Financial Group Inc.,84,"2,124",,
XVV,iShares ESG Screened S&P 500 ETF,30/09/20,Banks — 3.3%,Comerica Inc.,28,"1,071",,
XVV,iShares ESG Screened S&P 500 ETF,30/09/20,Banks — 3.3%,Fifth Third Bancorp,144,"3,070",,
XVV,iShares ESG Screened S&P 500 ETF,30/09/20,Banks — 3.3%,First Republic Bank/CA,36,"3,926",,
XVV,iShares ESG Screened S&P 500 ETF,30/09/20,Banks — 3.3%,Huntington Bancshares Inc./OH,204,"1,871",,
XVV,iShares ESG Screened S&P 500 ETF,30/09/20,Banks — 3.3%,JPMorgan Chase & Co.,616,"59,302",,
XVV,iShares ESG Screened S&P 500 ETF,30/09/20,Banks — 3.3%,KeyCorp,196,"2,338",,
XVV,iShares ESG Screened S&P 500 ETF,30/09/20,Banks — 3.3%,M&T Bank Corp.,24,"2,210",,
XVV,iShares ESG Screened S&P 500 ETF,30/09/20,Banks — 3.3%,People’s United Financial Inc.,84,866,,
XVV,iShares ESG Screened S&P 500 ETF,30/09/20,Banks — 3.3%,PNC Financial Services Group Inc. (The),86,"9,452",,
XVV,iShares ESG Screened S&P 500 ETF,30/09/20,Banks — 3.3%,Regions Financial Corp.,192,"2,214",,
XVV,iShares ESG Screened S&P 500 ETF,30/09/20,Banks — 3.3%,SVB Financial Group,12,"2,888",,
XVV,iShares ESG Screened S&P 500 ETF,30/09/20,Banks — 3.3%,Truist Financial Corp.,268,"10,197",,
XVV,iShares ESG Screened S&P 500 ETF,30/09/20,Banks — 3.3%,U.S. Bancorp,272,"9,751",,
XVV,iShares ESG Screened S&P 500 ETF,30/09/20,Banks — 3.3%,Zions Bancorp NA,32,935,"1,67,487",
XVV,iShares ESG Screened S&P 500 ETF,30/09/20,Beverages — 1.8%,"Brown-Forman Corp., Class B, NVS",36,"2,712",,
XVV,iShares ESG Screened S&P 500 ETF,30/09/20,Beverages — 1.8%,Coca-Cola Co. (The),781,"38,558",,
XVV,iShares ESG Screened S&P 500 ETF,30/09/20,Beverages — 1.8%,"Constellation Brands Inc., Class A",34,"6,443",,
XVV,iShares ESG Screened S&P 500 ETF,30/09/20,Beverages — 1.8%,"Molson Coors Beverage Co., Class B",36,"1,208",,
XVV,iShares ESG Screened S&P 500 ETF,30/09/20,Beverages — 1.8%,Monster Beverage Corp.,75,"6,015",,
XVV,iShares ESG Screened S&P 500 ETF,30/09/20,Beverages — 1.8%,PepsiCo Inc.,280,"38,808","93,744",
XVV,iShares ESG Screened S&P 500 ETF,30/09/20,Biotechnology — 2.3%,AbbVie Inc.,357,"31,269",,
XVV,iShares ESG Screened S&P 500 ETF,30/09/20,Biotechnology — 2.3%,Alexion Pharmaceuticals Inc.,44,"5,035",,
XVV,iShares ESG Screened S&P 500 ETF,30/09/20,Biotechnology — 2.3%,Amgen Inc.,118,"29,991",,
XVV,iShares ESG Screened S&P 500 ETF,30/09/20,Biotechnology — 2.3%,Biogen Inc.,32,"9,078",,
XVV,iShares ESG Screened S&P 500 ETF,30/09/20,Biotechnology — 2.3%,Gilead Sciences Inc.,252,"15,924",,
XVV,iShares ESG Screened S&P 500 ETF,30/09/20,Biotechnology — 2.3%,Incyte Corp.,36,"3,231",,
XVV,iShares ESG Screened S&P 500 ETF,30/09/20,Biotechnology — 2.3%,Regeneron Pharmaceuticals Inc.,21,"11,755",,
XVV,iShares ESG Screened S&P 500 ETF,30/09/20,Biotechnology — 2.3%,Vertex Pharmaceuticals Inc.,52,"14,150","1,20,433",
XVV,iShares ESG Screened S&P 500 ETF,30/09/20,Building Products — 0.5%,A O Smith Corp.,28,"1,478",,
XVV,iShares ESG Screened S&P 500 ETF,30/09/20,Building Products — 0.5%,Allegion PLC,20,"1,978",,
XVV,iShares ESG Screened S&P 500 ETF,30/09/20,Building Products — 0.5%,Carrier Global Corp.,164,"5,008",,
XVV,iShares ESG Screened S&P 500 ETF,30/09/20,Building Products — 0.5%,Fortune Brands Home & Security Inc.,28,"2,423",,
XVV,iShares ESG Screened S&P 500 ETF,30/09/20,Building Products — 0.5%,Johnson Controls International PLC,148,"6,046",,
XVV,iShares ESG Screened S&P 500 ETF,30/09/20,Building Products — 0.5%,Masco Corp.,52,"2,867",,
XVV,iShares ESG Screened S&P 500 ETF,30/09/20,Building Products — 0.5%,Trane Technologies PLC,48,"5,820","25,620",
XVV,iShares ESG Screened S&P 500 ETF,30/09/20,Capital Markets — 2.8%,Ameriprise Financial Inc.,24,"3,699",,
XVV,iShares ESG Screened S&P 500 ETF,30/09/20,Capital Markets — 2.8%,Bank of New York Mellon Corp. (The),164,"5,632",,
XVV,iShares ESG Screened S&P 500 ETF,30/09/20,Capital Markets — 2.8%,BlackRock Inc.,28,"15,779",,
XVV,iShares ESG Screened S&P 500 ETF,30/09/20,Capital Markets — 2.8%,Cboe Global Markets Inc.,20,"1,755",,
XVV,iShares ESG Screened S&P 500 ETF,30/09/20,Capital Markets — 2.8%,Charles Schwab Corp. (The),232,"8,405",,
XVV,iShares ESG Screened S&P 500 ETF,30/09/20,Capital Markets — 2.8%,CME Group Inc.,72,"12,046",,
XVV,iShares ESG Screened S&P 500 ETF,30/09/20,Capital Markets — 2.8%,E*TRADE Financial Corp.,44,"2,202",,
XVV,iShares ESG Screened S&P 500 ETF,30/09/20,Capital Markets — 2.8%,Franklin Resources Inc.,52,"1,058",,
XVV,iShares ESG Screened S&P 500 ETF,30/09/20,Capital Markets — 2.8%,Goldman Sachs Group Inc. (The),70,"14,068",,
XVV,iShares ESG Screened S&P 500 ETF,30/09/20,Capital Markets — 2.8%,Intercontinental Exchange Inc.,112,"11,206",,
XVV,iShares ESG Screened S&P 500 ETF,30/09/20,Capital Markets — 2.8%,Invesco Ltd.,76,867,,
XVV,iShares ESG Screened S&P 500 ETF,30/09/20,Capital Markets — 2.8%,MarketAxess Holdings Inc.,8,"3,853",,
XVV,iShares ESG Screened S&P 500 ETF,30/09/20,Capital Markets — 2.8%,Moody’s Corp.,32,"9,275",,
XVV,iShares ESG Screened S&P 500 ETF,30/09/20,Capital Markets — 2.8%,Morgan Stanley,240,"11,604",,
XVV,iShares ESG Screened S&P 500 ETF,30/09/20,Capital Markets — 2.8%,MSCI Inc.,17,"6,065",,
XVV,iShares ESG Screened S&P 500 ETF,30/09/20,Capital Markets — 2.8%,Nasdaq Inc.,24,"2,945",,
XVV,iShares ESG Screened S&P 500 ETF,30/09/20,Capital Markets — 2.8%,Northern Trust Corp.,40,"3,119",,
XVV,iShares ESG Screened S&P 500 ETF,30/09/20,Capital Markets — 2.8%,Raymond James Financial Inc.,24,"1,746",,
XVV,iShares ESG Screened S&P 500 ETF,30/09/20,Capital Markets — 2.8%,S&P Global Inc.,49,"17,670",,
XVV,iShares ESG Screened S&P 500 ETF,30/09/20,Capital Markets — 2.8%,State Street Corp.,72,"4,272",,
XVV,iShares ESG Screened S&P 500 ETF,30/09/20,Capital Markets — 2.8%,T Rowe Price Group Inc.,46,"5,898","1,43,164",
XVV,iShares ESG Screened S&P 500 ETF,30/09/20,Chemicals — 1.9%,Air Products & Chemicals Inc.,45,"13,404",,
XVV,iShares ESG Screened S&P 500 ETF,30/09/20,Chemicals — 1.9%,Albemarle Corp.,20,"1,786",,
XVV,iShares ESG Screened S&P 500 ETF,30/09/20,Chemicals — 1.9%,Celanese Corp.,24,"2,579",,
XVV,iShares ESG Screened S&P 500 ETF,30/09/20,Chemicals — 1.9%,CF Industries Holdings Inc.,44,"1,351",,
XVV,iShares ESG Screened S&P 500 ETF,30/09/20,Chemicals — 1.9%,Corteva Inc.,148,"4,264",,
XVV,iShares ESG Screened S&P 500 ETF,30/09/20,Chemicals — 1.9%,Dow Inc.,148,"6,963",,
XVV,iShares ESG Screened S&P 500 ETF,30/09/20,Chemicals — 1.9%,Eastman Chemical Co.,28,"2,187",,
XVV,iShares ESG Screened S&P 500 ETF,30/09/20,Chemicals — 1.9%,Ecolab Inc.,50,"9,992",,
XVV,iShares ESG Screened S&P 500 ETF,30/09/20,Chemicals — 1.9%,FMC Corp.,26,"2,754",,
XVV,iShares ESG Screened S&P 500 ETF,30/09/20,Chemicals — 1.9%,International Flavors & Fragrances Inc.,22,"2,694",,
XVV,iShares ESG Screened S&P 500 ETF,30/09/20,Chemicals — 1.9%,Linde PLC,106,"25,242",,
XVV,iShares ESG Screened S&P 500 ETF,30/09/20,Chemicals — 1.9%,"LyondellBasell Industries NV, Class A",52,"3,665",,
XVV,iShares ESG Screened S&P 500 ETF,30/09/20,Chemicals — 1.9%,Mosaic Co. (The),68,"1,242",,
XVV,iShares ESG Screened S&P 500 ETF,30/09/20,Chemicals — 1.9%,PPG Industries Inc.,48,"5,860",,
XVV,iShares ESG Screened S&P 500 ETF,30/09/20,Chemicals — 1.9%,Sherwin-Williams Co. (The),17,"11,845","95,828",
XVV,iShares ESG Screened S&P 500 ETF,30/09/20,Commercial Services & Supplies — 0.5%,Cintas Corp.,18,"5,991",,
XVV,iShares ESG Screened S&P 500 ETF,30/09/20,Commercial Services & Supplies — 0.5%,Copart Inc.,40,"4,206",,
XVV,iShares ESG Screened S&P 500 ETF,30/09/20,Commercial Services & Supplies — 0.5%,Republic Services Inc.,42,"3,921",,
XVV,iShares ESG Screened S&P 500 ETF,30/09/20,Commercial Services & Supplies — 0.5%,Rollins Inc.,28,"1,517",,
XVV,iShares ESG Screened S&P 500 ETF,30/09/20,Commercial Services & Supplies — 0.5%,Waste Management Inc.,79,"8,941","24,576",
XVV,iShares ESG Screened S&P 500 ETF,30/09/20,Communications Equipment — 0.9%,Arista Networks Inc.,12,"2,483",,
XVV,iShares ESG Screened S&P 500 ETF,30/09/20,Communications Equipment — 0.9%,Cisco Systems Inc.,855,"33,678",,
XVV,iShares ESG Screened S&P 500 ETF,30/09/20,Communications Equipment — 0.9%,F5 Networks Inc.,12,"1,473",,
XVV,iShares ESG Screened S&P 500 ETF,30/09/20,Communications Equipment — 0.9%,Juniper Networks Inc.,68,"1,462",,
XVV,iShares ESG Screened S&P 500 ETF,30/09/20,Communications Equipment — 0.9%,Motorola Solutions Inc.,34,"5,332","44,428",
XVV,iShares ESG Screened S&P 500 ETF,30/09/20,Construction & Engineering — 0.0%,0.0% Quanta Services Inc.,28,"1,480","1,480",
XVV,iShares ESG Screened S&P 500 ETF,30/09/20,Construction Materials — 0.1%,Martin Marietta Materials Inc.,12,"2,824",,
XVV,iShares ESG Screened S&P 500 ETF,30/09/20,Construction Materials — 0.1%,Vulcan Materials Co.,28,"3,795","6,619",
XVV,iShares ESG Screened S&P 500 ETF,30/09/20,Consumer Finance — 0.5%,American Express Co.,132,"13,233",,
XVV,iShares ESG Screened S&P 500 ETF,30/09/20,Consumer Finance — 0.5%,Capital One Financial Corp.,92,"6,611",,
XVV,iShares ESG Screened S&P 500 ETF,30/09/20,Consumer Finance — 0.5%,Discover Financial Services,60,"3,467",,
XVV,iShares ESG Screened S&P 500 ETF,30/09/20,Consumer Finance — 0.5%,Synchrony Financial,108,"2,826","26,137",
XVV,iShares ESG Screened S&P 500 ETF,30/09/20,Containers & Packaging — 0.4%,0.4% Amcor PLC,312,"3,448",,
XVV,iShares ESG Screened S&P 500 ETF,30/09/20,Containers & Packaging — 0.4%,Avery Dennison Corp.,16,"2,045",,
XVV,iShares ESG Screened S&P 500 ETF,30/09/20,Containers & Packaging — 0.4%,Ball Corp.,64,"5,320",,
XVV,iShares ESG Screened S&P 500 ETF,30/09/20,Containers & Packaging — 0.4%,International Paper Co.,80,"3,243",,
XVV,iShares ESG Screened S&P 500 ETF,30/09/20,Containers & Packaging — 0.4%,Packaging Corp. of America,20,"2,181",,
XVV,iShares ESG Screened S&P 500 ETF,30/09/20,Containers & Packaging — 0.4%,Sealed Air Corp.,32,"1,242",,
XVV,iShares ESG Screened S&P 500 ETF,30/09/20,Containers & Packaging — 0.4%,Westrock Co.,52,"1,806","19,285",
XVV,iShares ESG Screened S&P 500 ETF,30/09/20,Distributors — 0.1%,Genuine Parts Co.,28,"2,665",,
XVV,iShares ESG Screened S&P 500 ETF,30/09/20,Distributors — 0.1%,LKQ Corp.,56,"1,553","4,218",
XVV,iShares ESG Screened S&P 500 ETF,30/09/20,Diversified Financial Services — 1.7%,"Berkshire Hathaway Inc., Class B",401,"85,389","85,389",
XVV,iShares ESG Screened S&P 500 ETF,30/09/20,Diversified Telecommunication Services — 1.8%,AT&T Inc.,"1,440","41,054",,
XVV,iShares ESG Screened S&P 500 ETF,30/09/20,Diversified Telecommunication Services — 1.8%,CenturyLink Inc.,196,"1,978",,
XVV,iShares ESG Screened S&P 500 ETF,30/09/20,Diversified Telecommunication Services — 1.8%,Verizon Communications Inc.,836,"49,734","92,766",
XVV,iShares ESG Screened S&P 500 ETF,30/09/20,Electric Utilities — 0.9%,0.9% Edison International,76,"3,864",,
XVV,iShares ESG Screened S&P 500 ETF,30/09/20,Electric Utilities — 0.9%,Entergy Corp.,40,"3,941",,
XVV,iShares ESG Screened S&P 500 ETF,30/09/20,Electric Utilities — 0.9%,Eversource Energy,68,"5,681",,
XVV,iShares ESG Screened S&P 500 ETF,30/09/20,Electric Utilities — 0.9%,Exelon Corp.,196,"7,009",,
XVV,iShares ESG Screened S&P 500 ETF,30/09/20,Electric Utilities — 0.9%,NextEra Energy Inc.,99,"27,479","47,974",
XVV,iShares ESG Screened S&P 500 ETF,30/09/20,Electrical Equipment — 0.5%,0.5% AMETEK Inc.,46,"4,572",,
XVV,iShares ESG Screened S&P 500 ETF,30/09/20,Electrical Equipment — 0.5%,Eaton Corp. PLC,80,"8,163",,
XVV,iShares ESG Screened S&P 500 ETF,30/09/20,Electrical Equipment — 0.5%,Emerson Electric Co.,120,"7,869",,
XVV,iShares ESG Screened S&P 500 ETF,30/09/20,Electrical Equipment — 0.5%,Rockwell Automation Inc.,24,"5,296","25,900",
XVV,iShares ESG Screened S&P 500 ETF,30/09/20,"Electronic Equipment, Instruments & Components — 0.6% ","Amphenol Corp., Class A",60,"6,496",,
XVV,iShares ESG Screened S&P 500 ETF,30/09/20,"Electronic Equipment, Instruments & Components — 0.6% ",CDW Corp./DE,28,"3,347",,
XVV,iShares ESG Screened S&P 500 ETF,30/09/20,"Electronic Equipment, Instruments & Components — 0.6% ",Corning Inc.,152,"4,926",,
XVV,iShares ESG Screened S&P 500 ETF,30/09/20,"Electronic Equipment, Instruments & Components — 0.6% ",IPG Photonics Corp.,8,"1,360",,
XVV,iShares ESG Screened S&P 500 ETF,30/09/20,"Electronic Equipment, Instruments & Components — 0.6% ",Keysight Technologies Inc.,36,"3,556",,
XVV,iShares ESG Screened S&P 500 ETF,30/09/20,"Electronic Equipment, Instruments & Components — 0.6% ",TE Connectivity Ltd.,67,"6,549",,
XVV,iShares ESG Screened S&P 500 ETF,30/09/20,"Electronic Equipment, Instruments & Components — 0.6% ","Zebra Technologies Corp., Class A",12,"3,029","29,263",
XVV,iShares ESG Screened S&P 500 ETF,30/09/20,Energy Equipment & Services — 0.2%,Baker Hughes Co.,132,"1,754",,
XVV,iShares ESG Screened S&P 500 ETF,30/09/20,Energy Equipment & Services — 0.2%,Halliburton Co.,176,"2,121",,
XVV,iShares ESG Screened S&P 500 ETF,30/09/20,Energy Equipment & Services — 0.2%,National Oilwell Varco Inc.,76,689,,
XVV,iShares ESG Screened S&P 500 ETF,30/09/20,Energy Equipment & Services — 0.2%,Schlumberger Ltd.,276,"4,294",,
XVV,iShares ESG Screened S&P 500 ETF,30/09/20,Energy Equipment & Services — 0.2%,TechnipFMC PLC,84,530,"9,388",
XVV,iShares ESG Screened S&P 500 ETF,30/09/20,Entertainment — 2.2%,Activision Blizzard Inc.,156,"12,628",,
XVV,iShares ESG Screened S&P 500 ETF,30/09/20,Entertainment — 2.2%,Electronic Arts Inc.,58,"7,564",,
XVV,iShares ESG Screened S&P 500 ETF,30/09/20,Entertainment — 2.2%,Live Nation Entertainment Inc.,28,"1,509",,
XVV,iShares ESG Screened S&P 500 ETF,30/09/20,Entertainment — 2.2%,Netflix Inc.,89,"44,503",,
XVV,iShares ESG Screened S&P 500 ETF,30/09/20,Entertainment — 2.2%,Take-Two Interactive Software Inc.,24,"3,965",,
XVV,iShares ESG Screened S&P 500 ETF,30/09/20,Entertainment — 2.2%,Walt Disney Co. (The),365,"45,289","1,15,458",
XVV,iShares ESG Screened S&P 500 ETF,30/09/20,Equity Real Estate Investment Trusts (REITs) — 2.8%,Alexandria Real Estate Equities Inc.,24,"3,840",,
XVV,iShares ESG Screened S&P 500 ETF,30/09/20,Equity Real Estate Investment Trusts (REITs) — 2.8%,American Tower Corp.,90,"21,756",,
XVV,iShares ESG Screened S&P 500 ETF,30/09/20,Equity Real Estate Investment Trusts (REITs) — 2.8%,"Apartment Investment & Management Co., Class A",28,944,,
XVV,iShares ESG Screened S&P 500 ETF,30/09/20,Equity Real Estate Investment Trusts (REITs) — 2.8%,AvalonBay Communities Inc.,28,"4,181",,
XVV,iShares ESG Screened S&P 500 ETF,30/09/20,Equity Real Estate Investment Trusts (REITs) — 2.8%,Boston Properties Inc.,28,"2,248",,
XVV,iShares ESG Screened S&P 500 ETF,30/09/20,Equity Real Estate Investment Trusts (REITs) — 2.8%,Crown Castle International Corp.,84,"13,986",,
XVV,iShares ESG Screened S&P 500 ETF,30/09/20,Equity Real Estate Investment Trusts (REITs) — 2.8%,Digital Realty Trust Inc.,54,"7,925",,
XVV,iShares ESG Screened S&P 500 ETF,30/09/20,Equity Real Estate Investment Trusts (REITs) — 2.8%,Duke Realty Corp.,72,"2,657",,
XVV,iShares ESG Screened S&P 500 ETF,30/09/20,Equity Real Estate Investment Trusts (REITs) — 2.8%,Equinix Inc.,18,"13,682",,
XVV,iShares ESG Screened S&P 500 ETF,30/09/20,Equity Real Estate Investment Trusts (REITs) — 2.8%,Equity Residential,68,"3,490",,
XVV,iShares ESG Screened S&P 500 ETF,30/09/20,Equity Real Estate Investment Trusts (REITs) — 2.8%,Essex Property Trust Inc.,13,"2,610",,
XVV,iShares ESG Screened S&P 500 ETF,30/09/20,Equity Real Estate Investment Trusts (REITs) — 2.8%,Extra Space Storage Inc.,26,"2,782",,
XVV,iShares ESG Screened S&P 500 ETF,30/09/20,Equity Real Estate Investment Trusts (REITs) — 2.8%,Federal Realty Investment Trust,12,881,,
XVV,iShares ESG Screened S&P 500 ETF,30/09/20,Equity Real Estate Investment Trusts (REITs) — 2.8%,Healthpeak Properties Inc.,108,"2,932",,
XVV,iShares ESG Screened S&P 500 ETF,30/09/20,Equity Real Estate Investment Trusts (REITs) — 2.8%,Host Hotels & Resorts Inc.,140,"1,511",,
XVV,iShares ESG Screened S&P 500 ETF,30/09/20,Equity Real Estate Investment Trusts (REITs) — 2.8%,Iron Mountain Inc.,56,"1,500",,
XVV,iShares ESG Screened S&P 500 ETF,30/09/20,Equity Real Estate Investment Trusts (REITs) — 2.8%,Kimco Realty Corp.,88,991,,
XVV,iShares ESG Screened S&P 500 ETF,30/09/20,Equity Real Estate Investment Trusts (REITs) — 2.8%,Mid-America Apartment Communities Inc.,24,"2,783",,
XVV,iShares ESG Screened S&P 500 ETF,30/09/20,Equity Real Estate Investment Trusts (REITs) — 2.8%,Prologis Inc.,148,"14,892",,
XVV,iShares ESG Screened S&P 500 ETF,30/09/20,Equity Real Estate Investment Trusts (REITs) — 2.8%,Public Storage,32,"7,127",,
XVV,iShares ESG Screened S&P 500 ETF,30/09/20,Equity Real Estate Investment Trusts (REITs) — 2.8%,Realty Income Corp.,68,"4,131",,
XVV,iShares ESG Screened S&P 500 ETF,30/09/20,Equity Real Estate Investment Trusts (REITs) — 2.8%,Regency Centers Corp.,32,"1,217",,
XVV,iShares ESG Screened S&P 500 ETF,30/09/20,Equity Real Estate Investment Trusts (REITs) — 2.8%,SBA Communications Corp.,24,"7,643",,
XVV,iShares ESG Screened S&P 500 ETF,30/09/20,Equity Real Estate Investment Trusts (REITs) — 2.8%,Simon Property Group Inc.,60,"3,881",,
XVV,iShares ESG Screened S&P 500 ETF,30/09/20,Equity Real Estate Investment Trusts (REITs) — 2.8%,SL Green Realty Corp.,16,742,,
XVV,iShares ESG Screened S&P 500 ETF,30/09/20,Equity Real Estate Investment Trusts (REITs) — 2.8%,UDR Inc.,60,"1,957",,
XVV,iShares ESG Screened S&P 500 ETF,30/09/20,Equity Real Estate Investment Trusts (REITs) — 2.8%,Ventas Inc.,76,"3,189",,
XVV,iShares ESG Screened S&P 500 ETF,30/09/20,Equity Real Estate Investment Trusts (REITs) — 2.8%,Vornado Realty Trust,32,"1,079",,
XVV,iShares ESG Screened S&P 500 ETF,30/09/20,Equity Real Estate Investment Trusts (REITs) — 2.8%,Welltower Inc.,84,"4,628",,
XVV,iShares ESG Screened S&P 500 ETF,30/09/20,Equity Real Estate Investment Trusts (REITs) — 2.8%,Weyerhaeuser Co.,148,"4,221",145406,
XVV,iShares ESG Screened S&P 500 ETF,30/09/20,Food & Staples Retailing — 0.9%,Costco Wholesale Corp.,89,"31,595",,
XVV,iShares ESG Screened S&P 500 ETF,30/09/20,Food & Staples Retailing — 0.9%,Kroger Co. (The),156,"5,290",,
XVV,iShares ESG Screened S&P 500 ETF,30/09/20,Food & Staples Retailing — 0.9%,Sysco Corp.,100,"6,222",,
XVV,iShares ESG Screened S&P 500 ETF,30/09/20,Food & Staples Retailing — 0.9%,Walgreens Boots Alliance Inc.,144,"5,173","48,280",
XVV,iShares ESG Screened S&P 500 ETF,30/09/20,Food Products — 1.2%,Archer-Daniels-Midland Co.,112,"5,207",,
XVV,iShares ESG Screened S&P 500 ETF,30/09/20,Food Products — 1.2%,Campbell Soup Co.,40,"1,935",,
XVV,iShares ESG Screened S&P 500 ETF,30/09/20,Food Products — 1.2%,Conagra Brands Inc.,96,"3,428",,
XVV,iShares ESG Screened S&P 500 ETF,30/09/20,Food Products — 1.2%,General Mills Inc.,123,"7,587",,
XVV,iShares ESG Screened S&P 500 ETF,30/09/20,Food Products — 1.2%,Hershey Co. (The),30,"4,300",,
XVV,iShares ESG Screened S&P 500 ETF,30/09/20,Food Products — 1.2%,Hormel Foods Corp.,56,"2,738",,
XVV,iShares ESG Screened S&P 500 ETF,30/09/20,Food Products — 1.2%,JM Smucker Co. (The),24,"2,772",,
XVV,iShares ESG Screened S&P 500 ETF,30/09/20,Food Products — 1.2%,Kellogg Co.,52,"3,359",,
XVV,iShares ESG Screened S&P 500 ETF,30/09/20,Food Products — 1.2%,Kraft Heinz Co. (The),128,"3,834",,
XVV,iShares ESG Screened S&P 500 ETF,30/09/20,Food Products — 1.2%,Lamb Weston Holdings Inc.,28,"1,855",,
XVV,iShares ESG Screened S&P 500 ETF,30/09/20,Food Products — 1.2%,"McCormick & Co. Inc./MD, NVS",25,"4,852",,
XVV,iShares ESG Screened S&P 500 ETF,30/09/20,Food Products — 1.2%,"Mondelez International Inc., Class A",289,"16,603",,
XVV,iShares ESG Screened S&P 500 ETF,30/09/20,Food Products — 1.2%,"Tyson Foods Inc., Class A",60,"3,569","62,039",
XVV,iShares ESG Screened S&P 500 ETF,30/09/20,Gas Utilities — 0.0%,Atmos Energy Corp.,24,"2,294","2,294",
XVV,iShares ESG Screened S&P 500 ETF,30/09/20,Health Care Equipment & Supplies — 4.4%,Abbott Laboratories,358,"38,961",,
XVV,iShares ESG Screened S&P 500 ETF,30/09/20,Health Care Equipment & Supplies — 4.4%,ABIOMED Inc.,9,"2,494",,
XVV,iShares ESG Screened S&P 500 ETF,30/09/20,Health Care Equipment & Supplies — 4.4%,Align Technology Inc.,16,"5,238",,
XVV,iShares ESG Screened S&P 500 ETF,30/09/20,Health Care Equipment & Supplies — 4.4%,Baxter International Inc.,100,"8,042",,
XVV,iShares ESG Screened S&P 500 ETF,30/09/20,Health Care Equipment & Supplies — 4.4%,Becton Dickinson and Co.,59,"13,728",,
XVV,iShares ESG Screened S&P 500 ETF,30/09/20,Health Care Equipment & Supplies — 4.4%,Boston Scientific Corp.,289,"11,043",,
XVV,iShares ESG Screened S&P 500 ETF,30/09/20,Health Care Equipment & Supplies — 4.4%,Cooper Companies Inc. (The),10,"3,371",,
XVV,iShares ESG Screened S&P 500 ETF,30/09/20,Health Care Equipment & Supplies — 4.4%,Danaher Corp.,128,"27,562",,
XVV,iShares ESG Screened S&P 500 ETF,30/09/20,Health Care Equipment & Supplies — 4.4%,Dentsply Sirona Inc.,44,"1,924",,
XVV,iShares ESG Screened S&P 500 ETF,30/09/20,Health Care Equipment & Supplies — 4.4%,DexCom Inc.,20,"8,245",,
XVV,iShares ESG Screened S&P 500 ETF,30/09/20,Health Care Equipment & Supplies — 4.4%,Edwards Lifesciences Corp.,124,"9,898",,
XVV,iShares ESG Screened S&P 500 ETF,30/09/20,Health Care Equipment & Supplies — 4.4%,Hologic Inc.,52,"3,456",,
XVV,iShares ESG Screened S&P 500 ETF,30/09/20,Health Care Equipment & Supplies — 4.4%,IDEXX Laboratories Inc.,17,"6,683",,
XVV,iShares ESG Screened S&P 500 ETF,30/09/20,Health Care Equipment & Supplies — 4.4%,Intuitive Surgical Inc.,24,"17,029",,
XVV,iShares ESG Screened S&P 500 ETF,30/09/20,Health Care Equipment & Supplies — 4.4%,Medtronic PLC,272,"28,266",,
XVV,iShares ESG Screened S&P 500 ETF,30/09/20,Health Care Equipment & Supplies — 4.4%,ResMed Inc.,29,"4,972",,
XVV,iShares ESG Screened S&P 500 ETF,30/09/20,Health Care Equipment & Supplies — 4.4%,Steris PLC,17,"2,995",,
XVV,iShares ESG Screened S&P 500 ETF,30/09/20,Health Care Equipment & Supplies — 4.4%,Stryker Corp.,66,"13,752",,
XVV,iShares ESG Screened S&P 500 ETF,30/09/20,Health Care Equipment & Supplies — 4.4%,Teleflex Inc.,9,"3,064",,
XVV,iShares ESG Screened S&P 500 ETF,30/09/20,Health Care Equipment & Supplies — 4.4%,Varian Medical Systems Inc.,20,"3,440",,
XVV,iShares ESG Screened S&P 500 ETF,30/09/20,Health Care Equipment & Supplies — 4.4%,West Pharmaceutical Services Inc.,16,"4,398",,
XVV,iShares ESG Screened S&P 500 ETF,30/09/20,Health Care Equipment & Supplies — 4.4%,Zimmer Biomet Holdings Inc.,42,"5,718","2,24,279",
XVV,iShares ESG Screened S&P 500 ETF,30/09/20,Health Care Providers & Services — 2.9%,AmerisourceBergen Corp.,28,"2,714",,
XVV,iShares ESG Screened S&P 500 ETF,30/09/20,Health Care Providers & Services — 2.9%,Anthem Inc.,50,"13,430",,
XVV,iShares ESG Screened S&P 500 ETF,30/09/20,Health Care Providers & Services — 2.9%,Cardinal Health Inc.,60,"2,817",,
XVV,iShares ESG Screened S&P 500 ETF,30/09/20,Health Care Providers & Services — 2.9%,Centene Corp.,116,"6,766",,
XVV,iShares ESG Screened S&P 500 ETF,30/09/20,Health Care Providers & Services — 2.9%,Cigna Corp.,74,"12,536",,
XVV,iShares ESG Screened S&P 500 ETF,30/09/20,Health Care Providers & Services — 2.9%,CVS Health Corp.,264,"15,418",,
XVV,iShares ESG Screened S&P 500 ETF,30/09/20,Health Care Providers & Services — 2.9%,DaVita Inc.,16,"1,370",,
XVV,iShares ESG Screened S&P 500 ETF,30/09/20,Health Care Providers & Services — 2.9%,HCA Healthcare Inc.,52,"6,483",,
XVV,iShares ESG Screened S&P 500 ETF,30/09/20,Health Care Providers & Services — 2.9%,Henry Schein Inc.,28,"1,646",,
XVV,iShares ESG Screened S&P 500 ETF,30/09/20,Health Care Providers & Services — 2.9%,Humana Inc.,28,"11,589",,
XVV,iShares ESG Screened S&P 500 ETF,30/09/20,Health Care Providers & Services — 2.9%,Laboratory Corp. of America Holdings,20,"3,765",,
XVV,iShares ESG Screened S&P 500 ETF,30/09/20,Health Care Providers & Services — 2.9%,McKesson Corp.,32,"4,766",,
XVV,iShares ESG Screened S&P 500 ETF,30/09/20,Health Care Providers & Services — 2.9%,Quest Diagnostics Inc.,28,"3,206",,
XVV,iShares ESG Screened S&P 500 ETF,30/09/20,Health Care Providers & Services — 2.9%,UnitedHealth Group Inc.,192,"59,860",,
XVV,iShares ESG Screened S&P 500 ETF,30/09/20,Health Care Providers & Services — 2.9%,"Universal Health Services Inc., Class B",16,"1,712","1,48,078",
XVV,iShares ESG Screened S&P 500 ETF,30/09/20,Health Care Technology — 0.1%,Cerner Corp.,60,"4,337","4,337",
XVV,iShares ESG Screened S&P 500 ETF,30/09/20,"Hotels, Restaurants & Leisure — 1.8%",Carnival Corp.,104,"1,579",,
XVV,iShares ESG Screened S&P 500 ETF,30/09/20,"Hotels, Restaurants & Leisure — 1.8%",Chipotle Mexican Grill Inc.,6,"7,462",,
XVV,iShares ESG Screened S&P 500 ETF,30/09/20,"Hotels, Restaurants & Leisure — 1.8%",Darden Restaurants Inc.,26,"2,619",,
XVV,iShares ESG Screened S&P 500 ETF,30/09/20,"Hotels, Restaurants & Leisure — 1.8%",Domino’s Pizza Inc.,8,"3,402",,
XVV,iShares ESG Screened S&P 500 ETF,30/09/20,"Hotels, Restaurants & Leisure — 1.8%",Hilton Worldwide Holdings Inc.,56,"4,778",,
XVV,iShares ESG Screened S&P 500 ETF,30/09/20,"Hotels, Restaurants & Leisure — 1.8%",Las Vegas Sands Corp.,64,"2,986",,
XVV,iShares ESG Screened S&P 500 ETF,30/09/20,"Hotels, Restaurants & Leisure — 1.8%","Marriott International Inc./MD, Class A",52,"4,814",,
XVV,iShares ESG Screened S&P 500 ETF,30/09/20,"Hotels, Restaurants & Leisure — 1.8%",McDonald’s Corp.,150,"32,924",,
XVV,iShares ESG Screened S&P 500 ETF,30/09/20,"Hotels, Restaurants & Leisure — 1.8%",MGM Resorts International,80,"1,740",,
XVV,iShares ESG Screened S&P 500 ETF,30/09/20,"Hotels, Restaurants & Leisure — 1.8%",Norwegian Cruise Line Holdings Ltd.,56,958,,
XVV,iShares ESG Screened S&P 500 ETF,30/09/20,"Hotels, Restaurants & Leisure — 1.8%",Royal Caribbean Cruises Ltd.,36,"2,331",,
XVV,iShares ESG Screened S&P 500 ETF,30/09/20,"Hotels, Restaurants & Leisure — 1.8%",Starbucks Corp.,236,"20,277",,
XVV,iShares ESG Screened S&P 500 ETF,30/09/20,"Hotels, Restaurants & Leisure — 1.8%",Wynn Resorts Ltd.,20,"1,436",,
XVV,iShares ESG Screened S&P 500 ETF,30/09/20,"Hotels, Restaurants & Leisure — 1.8%",Yum! Brands Inc.,60,"5,478","92,784",
XVV,iShares ESG Screened S&P 500 ETF,30/09/20,Household Durables — 0.5%,DR Horton Inc.,68,"5,143",,
XVV,iShares ESG Screened S&P 500 ETF,30/09/20,Household Durables — 0.5%,Garmin Ltd.,30,"2,846",,
XVV,iShares ESG Screened S&P 500 ETF,30/09/20,Household Durables — 0.5%,Leggett & Platt Inc.,28,"1,153",,
XVV,iShares ESG Screened S&P 500 ETF,30/09/20,Household Durables — 0.5%,"Lennar Corp., Class A",56,"4,574",,
XVV,iShares ESG Screened S&P 500 ETF,30/09/20,Household Durables — 0.5%,Mohawk Industries Inc.,12,"1,171",,
XVV,iShares ESG Screened S&P 500 ETF,30/09/20,Household Durables — 0.5%,Newell Brands Inc.,76,"1,304",,
XVV,iShares ESG Screened S&P 500 ETF,30/09/20,Household Durables — 0.5%,NVR Inc.,1,"4,083",,
XVV,iShares ESG Screened S&P 500 ETF,30/09/20,Household Durables — 0.5%,PulteGroup Inc.,52,"2,407",,
XVV,iShares ESG Screened S&P 500 ETF,30/09/20,Household Durables — 0.5%,Whirlpool Corp.,12,"2,207","24,888",
XVV,iShares ESG Screened S&P 500 ETF,30/09/20,Household Products — 2.0%,Church & Dwight Co. Inc.,48,"4,498",,
XVV,iShares ESG Screened S&P 500 ETF,30/09/20,Household Products — 2.0%,Clorox Co. (The),26,"5,464",,
XVV,iShares ESG Screened S&P 500 ETF,30/09/20,Household Products — 2.0%,Colgate-Palmolive Co.,172,"13,270",,
XVV,iShares ESG Screened S&P 500 ETF,30/09/20,Household Products — 2.0%,Kimberly-Clark Corp.,68,"10,041",,
XVV,iShares ESG Screened S&P 500 ETF,30/09/20,Household Products — 2.0%,Procter & Gamble Co. (The),503,"69,912","1,03,185",
XVV,iShares ESG Screened S&P 500 ETF,30/09/20,Industrial Conglomerates — 0.4%,General Electric Co.,"1,748","10,890",,
XVV,iShares ESG Screened S&P 500 ETF,30/09/20,Industrial Conglomerates — 0.4%,Roper Technologies Inc.,21,"8,297","19,187",
XVV,iShares ESG Screened S&P 500 ETF,30/09/20,Insurance — 2.0%,Aflac Inc.,132,"4,798",,
XVV,iShares ESG Screened S&P 500 ETF,30/09/20,Insurance — 2.0%,Allstate Corp. (The),64,"6,025",,
XVV,iShares ESG Screened S&P 500 ETF,30/09/20,Insurance — 2.0%,American International Group Inc.,171,"4,708",,
XVV,iShares ESG Screened S&P 500 ETF,30/09/20,Insurance — 2.0%,"Aon PLC, Class A",48,"9,902",,
XVV,iShares ESG Screened S&P 500 ETF,30/09/20,Insurance — 2.0%,Arthur J Gallagher & Co.,40,"4,223",,
XVV,iShares ESG Screened S&P 500 ETF,30/09/20,Insurance — 2.0%,Assurant Inc.,12,"1,456",,
XVV,iShares ESG Screened S&P 500 ETF,30/09/20,Insurance — 2.0%,Chubb Ltd.,92,"10,683",,
XVV,iShares ESG Screened S&P 500 ETF,30/09/20,Insurance — 2.0%,Cincinnati Financial Corp.,28,"2,183",,
XVV,iShares ESG Screened S&P 500 ETF,30/09/20,Insurance — 2.0%,Everest Re Group Ltd.,8,"1,580",,
XVV,iShares ESG Screened S&P 500 ETF,30/09/20,Insurance — 2.0%,Globe Life Inc.,20,"1,598",,
XVV,iShares ESG Screened S&P 500 ETF,30/09/20,Insurance — 2.0%,Hartford Financial Services Group Inc. (The),72,"2,654",,
XVV,iShares ESG Screened S&P 500 ETF,30/09/20,Insurance — 2.0%,Lincoln National Corp.,36,"1,128",,
XVV,iShares ESG Screened S&P 500 ETF,30/09/20,Insurance — 2.0%,Loews Corp.,48,"1,668",,
XVV,iShares ESG Screened S&P 500 ETF,30/09/20,Insurance — 2.0%,Marsh & McLennan Companies Inc.,102,"11,700",,
XVV,iShares ESG Screened S&P 500 ETF,30/09/20,Insurance — 2.0%,MetLife Inc.,152,"5,650",,
XVV,iShares ESG Screened S&P 500 ETF,30/09/20,Insurance — 2.0%,Insurance (continued) Principal Financial Group Inc.,52,"2,094",,
XVV,iShares ESG Screened S&P 500 ETF,30/09/20,Insurance — 2.0%,Progressive Corp. (The),118,"11,171",,
XVV,iShares ESG Screened S&P 500 ETF,30/09/20,Insurance — 2.0%,Prudential Financial Inc.,80,"5,082",,
XVV,iShares ESG Screened S&P 500 ETF,30/09/20,Insurance — 2.0%,Travelers Companies Inc. (The),52,"5,626",,
XVV,iShares ESG Screened S&P 500 ETF,30/09/20,Insurance — 2.0%,Unum Group,40,673,,
XVV,iShares ESG Screened S&P 500 ETF,30/09/20,Insurance — 2.0%,Willis Towers Watson PLC,26,"5,429",,
XVV,iShares ESG Screened S&P 500 ETF,30/09/20,Insurance — 2.0%,WR Berkley Corp.,28,"1,712","1,01,743",
XVV,iShares ESG Screened S&P 500 ETF,30/09/20,Interactive Media & Services — 6.1%,"Alphabet Inc., Class A",61,"89,402",,
XVV,iShares ESG Screened S&P 500 ETF,30/09/20,Interactive Media & Services — 6.1%,"Alphabet Inc., Class C, NVS",60,"88,176",,
XVV,iShares ESG Screened S&P 500 ETF,30/09/20,Interactive Media & Services — 6.1%,"Facebook Inc., Class A",486,"1,27,283",,
XVV,iShares ESG Screened S&P 500 ETF,30/09/20,Interactive Media & Services — 6.1%,Twitter Inc.,156,"6,942","3,11,803",
XVV,iShares ESG Screened S&P 500 ETF,30/09/20,Internet & Direct Marketing Retail — 5.7%,Amazon.com Inc.,86,"2,70,791",,
XVV,iShares ESG Screened S&P 500 ETF,30/09/20,Internet & Direct Marketing Retail — 5.7%,Booking Holdings Inc.,9,"15,396",,
XVV,iShares ESG Screened S&P 500 ETF,30/09/20,Internet & Direct Marketing Retail — 5.7%,eBay Inc.,132,"6,877",,
XVV,iShares ESG Screened S&P 500 ETF,30/09/20,Internet & Direct Marketing Retail — 5.7%,Expedia Group Inc.,28,"2,567","2,95,631",
XVV,iShares ESG Screened S&P 500 ETF,30/09/20,IT Services — 6.1%,"Accenture PLC, Class A",128,"28,927",,
XVV,iShares ESG Screened S&P 500 ETF,30/09/20,IT Services — 6.1%,Akamai Technologies Inc.,32,"3,537",,
XVV,iShares ESG Screened S&P 500 ETF,30/09/20,IT Services — 6.1%,Automatic Data Processing Inc.,87,"12,136",,
XVV,iShares ESG Screened S&P 500 ETF,30/09/20,IT Services — 6.1%,Broadridge Financial Solutions Inc.,24,"3,168",,
XVV,iShares ESG Screened S&P 500 ETF,30/09/20,IT Services — 6.1%,"Cognizant Technology Solutions Corp., Class A",108,"7,497",,
XVV,iShares ESG Screened S&P 500 ETF,30/09/20,IT Services — 6.1%,DXC Technology Co.,52,928,,
XVV,iShares ESG Screened S&P 500 ETF,30/09/20,IT Services — 6.1%,Fidelity National Information Services Inc.,124,"18,254",,
XVV,iShares ESG Screened S&P 500 ETF,30/09/20,IT Services — 6.1%,Fiserv Inc.,112,"11,542",,
XVV,iShares ESG Screened S&P 500 ETF,30/09/20,IT Services — 6.1%,FleetCor Technologies Inc.,17,"4,048",,
XVV,iShares ESG Screened S&P 500 ETF,30/09/20,IT Services — 6.1%,Gartner Inc.,18,"2,249",,
XVV,iShares ESG Screened S&P 500 ETF,30/09/20,IT Services — 6.1%,Global Payments Inc.,60,"10,655",,
XVV,iShares ESG Screened S&P 500 ETF,30/09/20,IT Services — 6.1%,International Business Machines Corp.,180,"21,901",,
XVV,iShares ESG Screened S&P 500 ETF,30/09/20,IT Services — 6.1%,Jack Henry & Associates Inc.,16,"2,601",,
XVV,iShares ESG Screened S&P 500 ETF,30/09/20,IT Services — 6.1%,Leidos Holdings Inc.,28,"2,496",,
XVV,iShares ESG Screened S&P 500 ETF,30/09/20,IT Services — 6.1%,"Mastercard Inc., Class A",178,"60,194",,
XVV,iShares ESG Screened S&P 500 ETF,30/09/20,IT Services — 6.1%,Paychex Inc.,64,"5,105",,
XVV,iShares ESG Screened S&P 500 ETF,30/09/20,IT Services — 6.1%,PayPal Holdings Inc.,237,"46,696",,
XVV,iShares ESG Screened S&P 500 ETF,30/09/20,IT Services — 6.1%,VeriSign Inc.,20,"4,097",,
XVV,iShares ESG Screened S&P 500 ETF,30/09/20,IT Services — 6.1%,"Visa Inc., Class A",341,"68,190",,
XVV,iShares ESG Screened S&P 500 ETF,30/09/20,IT Services — 6.1%,Western Union Co. (The),84,"1,800","3,16,021",
XVV,iShares ESG Screened S&P 500 ETF,30/09/20,Leisure Products — 0.0%,Hasbro Inc.,24,"1,985","1,985",
XVV,iShares ESG Screened S&P 500 ETF,30/09/20,Life Sciences Tools & Services — 1.3%,Agilent Technologies Inc.,62,"6,258",,
XVV,iShares ESG Screened S&P 500 ETF,30/09/20,Life Sciences Tools & Services — 1.3%,"Bio-Rad Laboratories Inc., Class A",4,"2,062",,
XVV,iShares ESG Screened S&P 500 ETF,30/09/20,Life Sciences Tools & Services — 1.3%,Illumina Inc.,30,"9,273",,
XVV,iShares ESG Screened S&P 500 ETF,30/09/20,Life Sciences Tools & Services — 1.3%,IQVIA Holdings Inc.,40,"6,305",,
XVV,iShares ESG Screened S&P 500 ETF,30/09/20,Life Sciences Tools & Services — 1.3%,Mettler-Toledo International Inc.,5,"4,829",,
XVV,iShares ESG Screened S&P 500 ETF,30/09/20,Life Sciences Tools & Services — 1.3%,PerkinElmer Inc.,24,"3,012",,
XVV,iShares ESG Screened S&P 500 ETF,30/09/20,Life Sciences Tools & Services — 1.3%,Thermo Fisher Scientific Inc.,80,"35,322",,
XVV,iShares ESG Screened S&P 500 ETF,30/09/20,Life Sciences Tools & Services — 1.3%,Waters Corp.,12,"2,348","69,409",
XVV,iShares ESG Screened S&P 500 ETF,30/09/20,Machinery — 1.8%,Caterpillar Inc.,109,"16,257",,
XVV,iShares ESG Screened S&P 500 ETF,30/09/20,Machinery — 1.8%,Cummins Inc.,30,"6,335",,
XVV,iShares ESG Screened S&P 500 ETF,30/09/20,Machinery — 1.8%,Deere & Co.,64,"14,184",,
XVV,iShares ESG Screened S&P 500 ETF,30/09/20,Machinery — 1.8%,Dover Corp.,28,"3,033",,
XVV,iShares ESG Screened S&P 500 ETF,30/09/20,Machinery — 1.8%,Flowserve Corp.,24,655,,
XVV,iShares ESG Screened S&P 500 ETF,30/09/20,Machinery — 1.8%,Fortive Corp.,68,"5,182",,
XVV,iShares ESG Screened S&P 500 ETF,30/09/20,Machinery — 1.8%,IDEX Corp.,16,"2,919",,
XVV,iShares ESG Screened S&P 500 ETF,30/09/20,Machinery — 1.8%,Illinois Tool Works Inc.,58,"11,206",,
XVV,iShares ESG Screened S&P 500 ETF,30/09/20,Machinery — 1.8%,Ingersoll Rand Inc.,76,"2,706",,
XVV,iShares ESG Screened S&P 500 ETF,30/09/20,Machinery — 1.8%,Otis Worldwide Corp.,80,"4,994",,
XVV,iShares ESG Screened S&P 500 ETF,30/09/20,Machinery — 1.8%,PACCAR Inc.,68,"5,799",,
XVV,iShares ESG Screened S&P 500 ETF,30/09/20,Machinery — 1.8%,Parker-Hannifin Corp.,26,"5,261",,
XVV,iShares ESG Screened S&P 500 ETF,30/09/20,Machinery — 1.8%,Pentair PLC,32,"1,465",,
XVV,iShares ESG Screened S&P 500 ETF,30/09/20,Machinery — 1.8%,Snap-on Inc.,12,"1,766",,
XVV,iShares ESG Screened S&P 500 ETF,30/09/20,Machinery — 1.8%,Stanley Black & Decker Inc.,32,"5,190",,
XVV,iShares ESG Screened S&P 500 ETF,30/09/20,Machinery — 1.8%,Westinghouse Air Brake Technologies Corp.,36,"2,228",,
XVV,iShares ESG Screened S&P 500 ETF,30/09/20,Machinery — 1.8%,Xylem Inc./NY,36,"3,028","92,208",
XVV,iShares ESG Screened S&P 500 ETF,30/09/20,Media — 1.5%,"Charter Communications Inc., Class A",30,"18,730",,
XVV,iShares ESG Screened S&P 500 ETF,30/09/20,Media — 1.5%,"Comcast Corp., Class A",921,"42,605",,
XVV,iShares ESG Screened S&P 500 ETF,30/09/20,Media — 1.5%,"Discovery Inc., Class A",32,697,,
XVV,iShares ESG Screened S&P 500 ETF,30/09/20,Media — 1.5%,"Discovery Inc., Class C, NVS",60,"1,176",,
XVV,iShares ESG Screened S&P 500 ETF,30/09/20,Media — 1.5%,"DISH Network Corp., Class A",48,"1,393",,
XVV,iShares ESG Screened S&P 500 ETF,30/09/20,Media — 1.5%,"Fox Corp., Class A, NVS",68,"1,892",,
XVV,iShares ESG Screened S&P 500 ETF,30/09/20,Media — 1.5%,"Fox Corp., Class B",32,895,,
XVV,iShares ESG Screened S&P 500 ETF,30/09/20,Media — 1.5%,Interpublic Group of Companies Inc. (The),76,"1,267",,
XVV,iShares ESG Screened S&P 500 ETF,30/09/20,Media — 1.5%,"News Corp., Class A, NVS",76,"1,066",,
XVV,iShares ESG Screened S&P 500 ETF,30/09/20,Media — 1.5%,"News Corp., Class B",24,336,,
XVV,iShares ESG Screened S&P 500 ETF,30/09/20,Media — 1.5%,Omnicom Group Inc.,44,"2,178",,
XVV,iShares ESG Screened S&P 500 ETF,30/09/20,Media — 1.5%,"ViacomCBS Inc., Class B, NVS",112,"3,137","75,372",
XVV,iShares ESG Screened S&P 500 ETF,30/09/20,Metals & Mining — 0.3%,Freeport-McMoRan Inc.,288,"4,504",,
XVV,iShares ESG Screened S&P 500 ETF,30/09/20,Metals & Mining — 0.3%,Newmont Corp.,160,"10,152",,
XVV,iShares ESG Screened S&P 500 ETF,30/09/20,Metals & Mining — 0.3%,Nucor Corp.,60,"2,692","17,348",
XVV,iShares ESG Screened S&P 500 ETF,30/09/20,Multi-Utilities — 0.4%,CenterPoint Energy Inc.,108,"2,090",,
XVV,iShares ESG Screened S&P 500 ETF,30/09/20,Multi-Utilities — 0.4%,Consolidated Edison Inc.,68,"5,290",,
XVV,iShares ESG Screened S&P 500 ETF,30/09/20,Multi-Utilities — 0.4%,Public Service Enterprise Group Inc.,100,"5,491",,
XVV,iShares ESG Screened S&P 500 ETF,30/09/20,Multi-Utilities — 0.4%,Sempra Energy,58,"6,865","19,736",
XVV,iShares ESG Screened S&P 500 ETF,30/09/20,Multiline Retail — 0.6%,Dollar General Corp.,50,"10,481",,
XVV,iShares ESG Screened S&P 500 ETF,30/09/20,Multiline Retail — 0.6%,Dollar Tree Inc.,48,"4,384",,
XVV,iShares ESG Screened S&P 500 ETF,30/09/20,Multiline Retail — 0.6%,Target Corp.,100,"15,742","30,607",
XVV,iShares ESG Screened S&P 500 ETF,30/09/20,"Oil, Gas & Consumable Fuels — 0.5%",HollyFrontier Corp.,28,552,,
XVV,iShares ESG Screened S&P 500 ETF,30/09/20,"Oil, Gas & Consumable Fuels — 0.5%",Kinder Morgan Inc./DE,388,"4,784",,
XVV,iShares ESG Screened S&P 500 ETF,30/09/20,"Oil, Gas & Consumable Fuels — 0.5%",Marathon Petroleum Corp.,128,"3,755",,
XVV,iShares ESG Screened S&P 500 ETF,30/09/20,"Oil, Gas & Consumable Fuels — 0.5%",ONEOK Inc.,88,"2,286",,
XVV,iShares ESG Screened S&P 500 ETF,30/09/20,"Oil, Gas & Consumable Fuels — 0.5%",Phillips 66,88,"4,562",,
XVV,iShares ESG Screened S&P 500 ETF,30/09/20,"Oil, Gas & Consumable Fuels — 0.5%",Valero Energy Corp.,80,"3,466",,
XVV,iShares ESG Screened S&P 500 ETF,30/09/20,"Oil, Gas & Consumable Fuels — 0.5%",Williams Companies Inc. (The),244,"4,795","24,200",
XVV,iShares ESG Screened S&P 500 ETF,30/09/20,Personal Products — 0.2%,"Estee Lauder Companies Inc. (The), Class A",46,"10,040","10,040",
XVV,iShares ESG Screened S&P 500 ETF,30/09/20,Pharmaceuticals — 3.0%,Bristol-Myers Squibb Co.,455,"27,432",,
XVV,iShares ESG Screened S&P 500 ETF,30/09/20,Pharmaceuticals — 3.0%,Pharmaceuticals (continued) Eli Lilly & Co.,160,"23,683",,
XVV,iShares ESG Screened S&P 500 ETF,30/09/20,Pharmaceuticals — 3.0%,Merck & Co. Inc.,511,"42,387",,
XVV,iShares ESG Screened S&P 500 ETF,30/09/20,Pharmaceuticals — 3.0%,Mylan NV,104,"1,542",,
XVV,iShares ESG Screened S&P 500 ETF,30/09/20,Pharmaceuticals — 3.0%,Perrigo Co. PLC,28,"1,286",,
XVV,iShares ESG Screened S&P 500 ETF,30/09/20,Pharmaceuticals — 3.0%,Pfizer Inc.,"1,123","41,214",,
XVV,iShares ESG Screened S&P 500 ETF,30/09/20,Pharmaceuticals — 3.0%,Zoetis Inc.,96,"15,876","1,53,420",
XVV,iShares ESG Screened S&P 500 ETF,30/09/20,Professional Services — 0.3%,IHS Markit Ltd.,76,"5,967",,
XVV,iShares ESG Screened S&P 500 ETF,30/09/20,Professional Services — 0.3%,Nielsen Holdings PLC,72,"1,021",,
XVV,iShares ESG Screened S&P 500 ETF,30/09/20,Professional Services — 0.3%,Robert Half International Inc.,24,"1,270",,
XVV,iShares ESG Screened S&P 500 ETF,30/09/20,Professional Services — 0.3%,Verisk Analytics Inc.,32,"5,930","14,188",
XVV,iShares ESG Screened S&P 500 ETF,30/09/20,Real Estate Management & Development — 0.1%,"CBRE Group Inc., Class A",68,"3,194","3,194",
XVV,iShares ESG Screened S&P 500 ETF,30/09/20,Road & Rail — 1.2%,CSX Corp.,155,"12,039",,
XVV,iShares ESG Screened S&P 500 ETF,30/09/20,Road & Rail — 1.2%,JB Hunt Transport Services Inc.,16,"2,022",,
XVV,iShares ESG Screened S&P 500 ETF,30/09/20,Road & Rail — 1.2%,Kansas City Southern,20,"3,617",,
XVV,iShares ESG Screened S&P 500 ETF,30/09/20,Road & Rail — 1.2%,Norfolk Southern Corp.,52,"11,128",,
XVV,iShares ESG Screened S&P 500 ETF,30/09/20,Road & Rail — 1.2%,Old Dominion Freight Line Inc.,20,"3,618",,
XVV,iShares ESG Screened S&P 500 ETF,30/09/20,Road & Rail — 1.2%,Union Pacific Corp.,137,"26,971","59,395",
XVV,iShares ESG Screened S&P 500 ETF,30/09/20,Semiconductors & Semiconductor Equipment — 5.5%,Advanced Micro Devices Inc.,236,"19,350",,
XVV,iShares ESG Screened S&P 500 ETF,30/09/20,Semiconductors & Semiconductor Equipment — 5.5%,Analog Devices Inc.,75,"8,755",,
XVV,iShares ESG Screened S&P 500 ETF,30/09/20,Semiconductors & Semiconductor Equipment — 5.5%,Applied Materials Inc.,184,"10,939",,
XVV,iShares ESG Screened S&P 500 ETF,30/09/20,Semiconductors & Semiconductor Equipment — 5.5%,Broadcom Inc.,81,"29,510",,
XVV,iShares ESG Screened S&P 500 ETF,30/09/20,Semiconductors & Semiconductor Equipment — 5.5%,Intel Corp.,859,"44,479",,
XVV,iShares ESG Screened S&P 500 ETF,30/09/20,Semiconductors & Semiconductor Equipment — 5.5%,KLA Corp.,32,"6,200",,
XVV,iShares ESG Screened S&P 500 ETF,30/09/20,Semiconductors & Semiconductor Equipment — 5.5%,Lam Research Corp.,29,"9,621",,
XVV,iShares ESG Screened S&P 500 ETF,30/09/20,Semiconductors & Semiconductor Equipment — 5.5%,Maxim Integrated Products Inc.,52,"3,516",,
XVV,iShares ESG Screened S&P 500 ETF,30/09/20,Semiconductors & Semiconductor Equipment — 5.5%,Microchip Technology Inc.,52,"5,343",,
XVV,iShares ESG Screened S&P 500 ETF,30/09/20,Semiconductors & Semiconductor Equipment — 5.5%,Micron Technology Inc.,224,"10,519",,
XVV,iShares ESG Screened S&P 500 ETF,30/09/20,Semiconductors & Semiconductor Equipment — 5.5%,NVIDIA Corp.,125,"67,652",,
XVV,iShares ESG Screened S&P 500 ETF,30/09/20,Semiconductors & Semiconductor Equipment — 5.5%,Qorvo Inc.,24,"3,096",,
XVV,iShares ESG Screened S&P 500 ETF,30/09/20,Semiconductors & Semiconductor Equipment — 5.5%,QUALCOMM Inc.,228,"26,831",,
XVV,iShares ESG Screened S&P 500 ETF,30/09/20,Semiconductors & Semiconductor Equipment — 5.5%,Skyworks Solutions Inc.,34,"4,947",,
XVV,iShares ESG Screened S&P 500 ETF,30/09/20,Semiconductors & Semiconductor Equipment — 5.5%,Texas Instruments Inc.,184,"26,273",,
XVV,iShares ESG Screened S&P 500 ETF,30/09/20,Semiconductors & Semiconductor Equipment — 5.5%,Xilinx Inc.,48,"5,004","2,82,035",
XVV,iShares ESG Screened S&P 500 ETF,30/09/20,Software — 10.1%,Adobe Inc.,97,"47,572",,
XVV,iShares ESG Screened S&P 500 ETF,30/09/20,Software — 10.1%,ANSYS Inc.,17,"5,563",,
XVV,iShares ESG Screened S&P 500 ETF,30/09/20,Software — 10.1%,Autodesk Inc.,44,"10,164",,
XVV,iShares ESG Screened S&P 500 ETF,30/09/20,Software — 10.1%,Cadence Design Systems Inc.,56,"5,971",,
XVV,iShares ESG Screened S&P 500 ETF,30/09/20,Software — 10.1%,Citrix Systems Inc.,24,"3,305",,
XVV,iShares ESG Screened S&P 500 ETF,30/09/20,Software — 10.1%,Fortinet Inc.,28,"3,299",,
XVV,iShares ESG Screened S&P 500 ETF,30/09/20,Software — 10.1%,Intuit Inc.,53,"17,289",,
XVV,iShares ESG Screened S&P 500 ETF,30/09/20,Software — 10.1%,Microsoft Corp.,"1,529","3,21,595",,
XVV,iShares ESG Screened S&P 500 ETF,30/09/20,Software — 10.1%,NortonLifeLock Inc.,116,"2,417",,
XVV,iShares ESG Screened S&P 500 ETF,30/09/20,Software — 10.1%,Oracle Corp.,391,"23,343",,
XVV,iShares ESG Screened S&P 500 ETF,30/09/20,Software — 10.1%,Paycom Software Inc.,10,"3,113",,
XVV,iShares ESG Screened S&P 500 ETF,30/09/20,Software — 10.1%,salesforce.com Inc.,184,"46,243",,
XVV,iShares ESG Screened S&P 500 ETF,30/09/20,Software — 10.1%,ServiceNow Inc.,40,"19,400",,
XVV,iShares ESG Screened S&P 500 ETF,30/09/20,Software — 10.1%,Synopsys Inc.,32,"6,847",,
XVV,iShares ESG Screened S&P 500 ETF,30/09/20,Software — 10.1%,Tyler Technologies Inc.,8,"2,789","5,18,910",
XVV,iShares ESG Screened S&P 500 ETF,30/09/20,Specialty Retail — 2.7% ,Advance Auto Parts Inc.,14,"2,149",,
XVV,iShares ESG Screened S&P 500 ETF,30/09/20,Specialty Retail — 2.7%,AutoZone Inc.,5,"5,888",,
XVV,iShares ESG Screened S&P 500 ETF,30/09/20,Specialty Retail — 2.7%,Best Buy Co. Inc.,47,"5,231",,
XVV,iShares ESG Screened S&P 500 ETF,30/09/20,Specialty Retail — 2.7%,CarMax Inc.,32,"2,941",,
XVV,iShares ESG Screened S&P 500 ETF,30/09/20,Specialty Retail — 2.7%,Gap Inc. (The),40,681,,
XVV,iShares ESG Screened S&P 500 ETF,30/09/20,Specialty Retail — 2.7%,Home Depot Inc. (The),218,"60,541",,
XVV,iShares ESG Screened S&P 500 ETF,30/09/20,Specialty Retail — 2.7%,L Brands Inc.,48,"1,527",,
XVV,iShares ESG Screened S&P 500 ETF,30/09/20,Specialty Retail — 2.7%,Lowe’s Companies Inc.,152,"25,211",,
XVV,iShares ESG Screened S&P 500 ETF,30/09/20,Specialty Retail — 2.7%,O’Reilly Automotive Inc.,16,"7,377",,
XVV,iShares ESG Screened S&P 500 ETF,30/09/20,Specialty Retail — 2.7%,Ross Stores Inc.,72,"6,719",,
XVV,iShares ESG Screened S&P 500 ETF,30/09/20,Specialty Retail — 2.7%,Tiffany & Co.,22,"2,549",,
XVV,iShares ESG Screened S&P 500 ETF,30/09/20,Specialty Retail — 2.7%,TJX Companies Inc. (The),240,"13,356",,
XVV,iShares ESG Screened S&P 500 ETF,30/09/20,Specialty Retail — 2.7%,Tractor Supply Co.,24,"3,440",,
XVV,iShares ESG Screened S&P 500 ETF,30/09/20,Specialty Retail — 2.7%,Ulta Beauty Inc.,12,"2,688",140298,
XVV,iShares ESG Screened S&P 500 ETF,30/09/20,"Technology Hardware, Storage & Peripherals — 7.6%",Apple Inc.,"3,248","3,76,151",,
XVV,iShares ESG Screened S&P 500 ETF,30/09/20,"Technology Hardware, Storage & Peripherals — 7.6%",Hewlett Packard Enterprise Co.,256,"2,398",,
XVV,iShares ESG Screened S&P 500 ETF,30/09/20,"Technology Hardware, Storage & Peripherals — 7.6%",HP Inc.,276,"5,241",,
XVV,iShares ESG Screened S&P 500 ETF,30/09/20,"Technology Hardware, Storage & Peripherals — 7.6%",NetApp Inc.,44,"1,929",,
XVV,iShares ESG Screened S&P 500 ETF,30/09/20,"Technology Hardware, Storage & Peripherals — 7.6%",Seagate Technology PLC,44,"2,168",,
XVV,iShares ESG Screened S&P 500 ETF,30/09/20,"Technology Hardware, Storage & Peripherals — 7.6%",Western Digital Corp.,60,"2,193",,
XVV,iShares ESG Screened S&P 500 ETF,30/09/20,"Technology Hardware, Storage & Peripherals — 7.6%",Xerox Holdings Corp.,36,676,"3,90,756",
XVV,iShares ESG Screened S&P 500 ETF,30/09/20,"Textiles, Apparel & Luxury Goods — 0.8%",Hanesbrands Inc.,68,"1,071",,
XVV,iShares ESG Screened S&P 500 ETF,30/09/20,"Textiles, Apparel & Luxury Goods — 0.8%","Nike Inc., Class B",252,"31,636",,
XVV,iShares ESG Screened S&P 500 ETF,30/09/20,"Textiles, Apparel & Luxury Goods — 0.8%",PVH Corp.,16,954,,
XVV,iShares ESG Screened S&P 500 ETF,30/09/20,"Textiles, Apparel & Luxury Goods — 0.8%",Ralph Lauren Corp.,8,544,,
XVV,iShares ESG Screened S&P 500 ETF,30/09/20,"Textiles, Apparel & Luxury Goods — 0.8%",Tapestry Inc.,56,875,,
XVV,iShares ESG Screened S&P 500 ETF,30/09/20,"Textiles, Apparel & Luxury Goods — 0.8%","Under Armour Inc., Class A",36,404,,
XVV,iShares ESG Screened S&P 500 ETF,30/09/20,"Textiles, Apparel & Luxury Goods — 0.8%","Under Armour Inc., Class C, NVS",40,394,,
XVV,iShares ESG Screened S&P 500 ETF,30/09/20,"Textiles, Apparel & Luxury Goods — 0.8%",VF Corp.,64,"4,496","40,374",
XVV,iShares ESG Screened S&P 500 ETF,30/09/20,Trading Companies & Distributors — 0.2%,Fastenal Co.,116,"5,230",,
XVV,iShares ESG Screened S&P 500 ETF,30/09/20,Trading Companies & Distributors — 0.2%,United Rentals Inc.,16,"2,792",,
XVV,iShares ESG Screened S&P 500 ETF,30/09/20,Trading Companies & Distributors — 0.2%,WW Grainger Inc.,9,"3,211","11,233",
XVV,iShares ESG Screened S&P 500 ETF,30/09/20,Water Utilities — 0.1%,American Water Works Co. Inc.,36,"5,216","5,216",
XVV,iShares ESG Screened S&P 500 ETF,30/09/20,Wireless Telecommunication Services — 0.3%,T-Mobile U.S. Inc.,116,"13,266","13,266","51,35,183"